period,time_hour,wind_nominal_mw,wind_lower_mw,wind_upper_mw,wind_worst_mw,wind_fixed_hydrogen_mw,wind_nominal_electric_mw,wind_worst_electric_mw,arrival_nominal_count,arrival_worst_count,in_port_nominal_count,in_port_worst_count,active_quay_cranes_nominal,active_quay_cranes_worst,task_release_nominal_teu,task_release_worst_teu,task_release_rate_teu_per_h,task_done_rate_teu_per_h,base_load_mw,shore_power_nominal_mw,shore_power_worst_mw,quay_crane_power_nominal_mw,quay_crane_power_worst_mw,grid_buy_da_mw,grid_sell_da_mw,grid_buy_rt_mw,grid_sell_rt_mw,agv_charge_count_da,agv_charge_count,agv_charge_power_da_mw,agv_charge_power_rt_mw,agv_container_count,agv_lohc_count,agv_idle_count,lohc_power_da_mw,lohc_power_rt_mw,spill_da_mw,spill_rt_mw,h2_landing_rate_kg_per_h,h2_consumption_rate_kg_per_h,lohc_production_rate_kg_per_h,lohc_outbound_rate_kg_per_h,da_power_balance_residual_mw,rt_power_balance_residual_mw
0,0.0,11.861861861861865,9.489489489489491,14.234234234234236,11.861861861861865,4.744744744744746,7.117117117117119,7.117117117117119,0.0,0.0,8.0,8.0,16.0,16.0,140.0,140.0,560.0,560.0,2.5,24.0,24.0,8.0,8.0,27.70955994613491,0.0,27.709559946134917,0.0,0.0,0.0,0.0,0.0,34.5679012345679,0.0,25.4320987654321,0.3266770632520295,0.3266770632520295,0.0,0.0,265.53637899450115,133.33757683756306,130.6708253008118,0.0,-1.7763568394002505e-15,5.329070518200751e-15
1,0.25,20.57057057057057,16.456456456456458,24.684684684684683,20.57057057057057,8.228228228228229,12.342342342342342,12.342342342342342,0.0,0.0,8.0,8.0,16.0,16.0,140.0,140.0,560.0,560.0,2.5,24.0,24.0,8.0,8.0,22.48433472090969,0.0,22.48433472090969,0.0,0.0,0.0,0.0,0.0,34.5679012345679,0.0,25.4320987654321,0.3266770632520295,0.3266770632520295,0.0,0.0,81.14324864864867,133.33757683756306,130.6708253008118,0.0,5.329070518200751e-15,5.329070518200751e-15
2,0.5,28.37837837837838,22.7027027027027,34.054054054054056,22.7027027027027,11.351351351351353,17.027027027027025,11.351351351351349,0.0,0.0,8.0,8.0,16.0,16.0,140.0,140.0,560.0,560.0,2.5,24.0,24.0,8.0,8.0,17.799650036225003,0.0,23.47532571190068,0.0,0.0,0.0,0.0,0.0,34.5679012345679,0.0,25.4320987654321,0.3266770632520295,0.3266770632520295,0.0,0.0,140.71677297297296,133.33757683756306,130.6708253008118,0.0,-1.7763568394002505e-15,-1.7763568394002505e-15
3,0.75,31.68168168168168,25.345345345345347,38.01801801801802,25.345345345345347,12.672672672672673,19.009009009009006,12.672672672672673,0.0,0.0,8.0,8.0,16.0,16.0,140.0,140.0,560.0,560.0,2.5,24.0,24.0,8.0,8.0,15.81766805424302,0.0,22.15400439057936,0.0,0.0,0.0,0.0,0.0,34.5679012345679,0.0,25.4320987654321,0.3266770632520295,0.3266770632520295,0.0,0.0,194.12751891891895,133.33757683756306,130.6708253008118,0.0,-1.7763568394002505e-15,5.329070518200751e-15
4,1.0,19.81981981981982,15.855855855855854,23.783783783783782,15.855855855855854,7.927927927927928,11.891891891891891,7.927927927927926,0.0,0.0,8.0,8.0,16.0,16.0,140.0,140.0,560.0,560.0,2.5,24.0,24.0,8.0,8.0,22.93478517136014,0.0,26.8987491353241,0.0,0.0,0.0,0.0,0.0,34.5679012345679,0.0,25.4320987654321,0.3266770632520295,0.3266770632520295,0.0,0.0,216.724372972973,133.33757683756306,130.6708253008118,0.0,5.329070518200751e-15,-1.7763568394002505e-15
5,1.25,22.372372372372375,17.8978978978979,26.846846846846848,17.8978978978979,8.94894894894895,13.423423423423426,8.94894894894895,0.0,0.0,8.0,8.0,16.0,16.0,140.0,140.0,560.0,560.0,2.5,24.0,24.0,8.0,8.0,21.40325363982861,0.0,25.87772811430308,0.0,0.0,0.0,0.0,0.0,34.5679012345679,0.0,25.4320987654321,0.3266770632520295,0.3266770632520295,0.0,0.0,135.58112432432432,133.33757683756306,130.6708253008118,0.0,5.329070518200751e-15,-1.7763568394002505e-15
6,1.5,25.675675675675677,20.54054054054054,30.810810810810814,20.54054054054054,10.270270270270272,15.405405405405405,10.270270270270268,0.0,0.0,8.0,8.0,16.0,16.0,140.0,140.0,560.0,560.0,2.5,24.0,24.0,8.0,8.0,19.421271657846624,0.0,24.55640679298176,0.0,0.0,0.0,0.0,0.0,34.5679012345679,0.0,25.4320987654321,0.3266770632520295,0.3266770632520295,0.0,0.0,153.04232972972974,133.33757683756306,130.6708253008118,0.0,-1.7763568394002505e-15,-1.7763568394002505e-15
7,1.75,29.12912912912913,23.303303303303306,34.95495495495496,23.303303303303302,11.651651651651653,17.47747747747748,11.65165165165165,0.0,0.0,7.0,7.0,16.0,16.0,140.0,140.0,560.0,560.0,2.5,21.0,21.0,8.0,8.0,14.349199585774551,0.0,20.175025411600377,0.0,0.0,0.0,0.0,0.0,34.5679012345679,0.0,25.4320987654321,0.3266770632520295,0.3266770632520295,0.0,0.0,175.6391837837838,133.33757683756306,130.6708253008118,0.0,-1.7763568394002505e-15,-1.7763568394002505e-15
8,2.0,28.37837837837838,22.7027027027027,34.054054054054056,22.7027027027027,11.351351351351353,17.027027027027025,11.351351351351349,0.0,0.0,7.0,7.0,16.0,16.0,140.0,140.0,560.0,560.0,2.5,21.0,21.0,8.0,8.0,15.399650036225,0.0,21.07532571190068,0.0,4.0,4.0,0.6,0.6,34.5679012345679,0.0,21.4320987654321,0.3266770632520295,0.3266770632520295,0.0,0.0,199.2631675675676,133.33757683756306,130.6708253008118,0.0,-7.438494264988549e-15,-3.3306690738754696e-16
9,2.25,41.44144144144145,33.15315315315316,49.72972972972973,33.15315315315316,16.576576576576578,24.86486486486487,16.576576576576585,0.0,0.0,7.0,7.0,16.0,16.0,140.0,140.0,560.0,560.0,2.5,21.0,21.0,8.0,8.0,7.535135135135134,0.0,15.823423423423414,0.0,3.8221529116531614,3.8221529116531614,0.5733229367479742,0.5733229367479742,34.5679012345679,21.60994585377893,8.437694987151191e-15,0.3266770632520295,0.3266770632520295,0.0,0.0,194.12751891891895,133.33757683756306,130.6708253008118,551.0536192713628,1.9984014443252818e-15,-5.10702591327572e-15
10,2.5,50.00000000000001,40.00000000000001,60.00000000000001,40.00000000000001,20.000000000000004,30.000000000000004,20.000000000000004,0.0,0.0,6.0,6.0,16.0,16.0,140.0,140.0,560.0,560.0,2.5,18.0,18.0,8.0,8.0,0.0,0.0,9.999999999999991,0.0,7.822152911653161,7.822152911653161,1.173322936747974,1.173322936747974,34.5679012345679,0.0,17.60994585377894,0.3266770632520295,0.3266770632520295,0.0,0.0,283.4878054054054,133.33757683756306,130.6708253008118,0.0,0.0,-1.0658141036401503e-14
11,2.75,47.8978978978979,38.31831831831832,57.47747747747748,38.31831831831832,19.15915915915916,28.73873873873874,19.15915915915916,0.0,0.0,6.0,6.0,16.0,16.0,140.0,140.0,560.0,560.0,2.5,18.0,18.0,8.0,8.0,0.6612612612612645,0.0,10.24084084084084,0.0,3.8221529116531614,3.8221529116531614,0.5733229367479742,0.5733229367479742,34.5679012345679,21.60994585377893,8.437694987151191e-15,0.3266770632520295,0.3266770632520295,0.0,0.0,342.03420000000006,133.33757683756306,130.6708253008118,551.0536192713628,-1.5543122344752192e-15,-5.10702591327572e-15
12,3.0,32.58258258258258,26.066066066066064,39.0990990990991,26.066066066066064,13.033033033033032,19.54954954954955,13.033033033033032,0.0,0.0,5.0,5.0,16.0,16.0,140.0,140.0,560.0,560.0,2.5,15.0,15.0,8.0,8.0,6.27712751370248,0.0,12.793644030219,0.0,0.0,0.0,0.0,0.0,34.5679012345679,25.43209876543209,7.105427357601002e-15,0.3266770632520295,0.3266770632520295,0.0,0.0,327.65438378378377,133.33757683756306,130.6708253008118,648.5185185185184,-1.7763568394002505e-15,1.7763568394002505e-15
13,3.25,24.324324324324323,19.45945945945946,29.189189189189186,19.45945945945946,9.72972972972973,14.594594594594593,9.72972972972973,0.0,0.0,5.0,5.0,16.0,16.0,140.0,140.0,560.0,560.0,2.5,15.0,15.0,8.0,8.0,11.232082468657437,0.0,16.096947333522294,0.0,0.0,0.0,0.0,0.0,34.5679012345679,0.0,25.4320987654321,0.3266770632520295,0.3266770632520295,0.0,0.0,222.88715135135132,133.33757683756306,130.6708253008118,0.0,-1.7763568394002505e-15,-5.329070518200751e-15
14,3.5,21.17117117117117,16.936936936936938,25.405405405405407,21.171171171171167,8.468468468468469,12.702702702702702,12.702702702702698,0.0,0.0,5.0,5.0,16.0,16.0,140.0,140.0,560.0,560.0,2.5,15.0,15.0,8.0,8.0,13.423974360549323,0.0,13.423974360549328,0.0,1.999999999999976,1.999999999999976,0.29999999999999644,0.2999999999999964,34.5679012345679,5.879630581758918,17.55246818367321,0.3266770632520295,0.3266770632520295,0.0,0.0,166.39501621621622,133.33757683756306,130.6708253008118,149.9305798348524,-1.0547118733938987e-15,-9.992007221626409e-16
15,3.75,25.825825825825824,20.660660660660657,30.99099099099099,25.825825825825824,10.33033033033033,15.495495495495494,15.495495495495494,0.0,0.0,4.0,4.0,16.0,16.0,140.0,140.0,560.0,560.0,2.5,12.0,12.0,8.0,8.0,8.231181567756533,0.0,8.23118156775653,0.0,5.999999999999976,5.999999999999976,0.8999999999999964,0.8999999999999964,34.5679012345679,0.0,19.432098765432126,0.3266770632520295,0.3266770632520295,0.0,0.0,144.82529189189188,133.33757683756306,130.6708253008118,0.0,4.440892098500626e-16,-3.1086244689504383e-15
16,4.0,32.432432432432435,25.945945945945947,38.91891891891892,32.432432432432435,12.972972972972974,19.45945945945946,19.45945945945946,0.0,0.0,4.0,4.0,16.0,16.0,140.0,140.0,560.0,560.0,2.5,12.0,12.0,8.0,8.0,4.867217603792566,0.0,4.867217603792561,0.0,9.999999999999975,9.999999999999975,1.4999999999999964,1.4999999999999962,34.5679012345679,0.0,15.432098765432126,0.3266770632520295,0.3266770632520295,0.0,0.0,176.66631351351353,133.33757683756306,130.6708253008118,0.0,1.7763568394002505e-15,-5.10702591327572e-15
17,4.25,28.67867867867868,22.942942942942945,34.414414414414416,28.67867867867868,11.471471471471473,17.207207207207205,17.207207207207205,0.0,0.0,4.0,4.0,16.0,16.0,140.0,140.0,560.0,560.0,2.5,12.0,12.0,8.0,8.0,7.719469856044821,0.0,7.719469856044824,0.0,14.0,13.999999999999998,2.1,2.1,34.5679012345679,11.432098765432096,7.105427357601002e-15,0.3266770632520295,0.3266770632520295,0.0,0.0,221.86002162162163,133.33757683756306,130.6708253008118,291.5185185185185,-3.9968028886505635e-15,-4.440892098500626e-16
18,4.5,30.03003003003003,24.024024024024023,36.03603603603604,30.03003003003003,12.012012012012011,18.01801801801802,18.01801801801802,0.0,0.0,2.0,2.0,8.0,8.0,70.0,70.0,280.0,280.0,2.5,6.0,6.0,4.0,4.0,0.0,0.318018018018019,0.0,0.3180180180180194,18.0,18.0,2.7,2.7,17.28395061728395,0.0,24.71604938271605,2.5,2.5,0.0,0.0,196.18177837837837,1020.408163265306,1000.0,0.0,-8.881784197001252e-16,-8.881784197001252e-16
19,4.75,24.324324324324323,19.45945945945946,29.189189189189186,24.324324324324323,9.72972972972973,14.594594594594593,14.594594594594593,0.0,0.0,2.0,2.0,8.0,8.0,70.0,70.0,280.0,280.0,2.5,6.0,6.0,4.0,4.0,0.2054054054054071,0.0,0.2054054054054042,0.0,14.0,13.999999999999996,2.1,2.099999999999999,17.28395061728395,0.0,28.71604938271605,0.2,0.2,0.0,0.0,205.42594594594593,81.63265306122447,80.0,0.0,4.440892098500626e-16,-2.220446049250313e-15
20,5.0,24.624624624624627,19.6996996996997,29.549549549549553,24.624624624624623,9.849849849849852,14.774774774774775,14.774774774774771,1.0,1.0,3.0,3.0,12.0,12.0,105.0,105.0,420.0,420.0,2.5,9.0,9.0,6.0,6.0,4.425225225225225,0.0,4.425225225225226,0.0,10.0,9.999999999999996,1.5,1.4999999999999991,25.925925925925927,0.0,24.07407407407408,0.2,0.2,0.0,0.0,166.39501621621622,81.63265306122447,80.0,0.0,-6.661338147750939e-16,-3.3306690738754696e-15
21,5.25,21.77177177177177,17.41741741741742,26.126126126126124,21.77177177177177,8.70870870870871,13.063063063063062,13.063063063063062,0.0,0.0,3.0,3.0,12.0,12.0,105.0,105.0,420.0,420.0,2.5,9.0,9.0,6.0,6.0,5.536936936936939,0.0,5.836936936936937,0.0,6.0,8.0,0.9,1.2,25.925925925925927,0.0,26.07407407407408,0.2,0.2,0.0,0.0,168.4492756756757,81.63265306122447,80.0,0.0,1.4432899320127035e-15,-1.3322676295501878e-15
22,5.5,22.52252252252252,18.01801801801802,27.027027027027028,22.522522522522518,9.00900900900901,13.513513513513512,13.513513513513509,0.0,0.0,3.0,3.0,12.0,12.0,105.0,105.0,420.0,420.0,2.5,9.0,9.0,6.0,6.0,4.786486486486486,0.0,4.786486486486488,0.0,4.0,4.0,0.6,0.6,25.925925925925927,0.0,30.07407407407408,0.2,0.2,0.0,0.0,148.93381081081083,81.63265306122447,80.0,0.0,-2.7755575615628914e-15,-2.7755575615628914e-15
23,5.75,18.468468468468473,14.774774774774778,22.16216216216217,18.468468468468476,7.387387387387389,11.081081081081084,11.081081081081088,0.0,0.0,3.0,3.0,12.0,12.0,105.0,105.0,420.0,420.0,2.5,9.0,9.0,6.0,6.0,6.618918918918916,0.0,6.618918918918915,0.0,0.0,0.0,0.0,0.0,25.925925925925927,34.07407407407408,0.0,0.2,0.2,0.0,0.0,154.06945945945944,81.63265306122447,80.0,868.8888888888889,-7.216449660063518e-16,2.831068712794149e-15
24,6.0,15.915915915915916,12.732732732732734,19.0990990990991,15.915915915915916,6.366366366366367,9.54954954954955,9.54954954954955,0.0,0.0,3.0,3.0,12.0,12.0,105.0,105.0,420.0,420.0,2.5,9.0,9.0,6.0,6.0,8.45045045045045,0.0,8.450450450450452,0.0,2.0,2.0,0.3,0.3,25.925925925925927,0.0,32.07407407407408,0.2,0.1999999999999982,0.0,0.0,126.33695675675678,81.63265306122376,79.99999999999929,0.0,0.0,1.8318679906315083e-15
25,6.25,15.465465465465465,12.372372372372372,18.55855855855856,15.465465465465465,6.1861861861861875,9.279279279279278,9.279279279279278,0.0,0.0,2.0,2.0,8.0,8.0,70.0,70.0,280.0,280.0,2.5,6.0,6.0,4.0,4.0,3.4207207207207206,0.0,3.420720720720721,0.0,0.0,0.0,0.0,0.0,17.28395061728395,42.71604938271605,0.0,0.2,0.2,0.0,0.0,108.87575135135135,81.63265306122447,80.0,1089.2592592592594,-7.216449660063518e-16,-7.216449660063518e-16
26,6.5,13.213213213213214,10.570570570570572,15.855855855855856,13.213213213213214,5.285285285285286,7.927927927927928,7.927927927927928,0.0,0.0,2.0,2.0,8.0,8.0,70.0,70.0,280.0,280.0,2.5,6.0,6.0,4.0,4.0,4.772072072072072,0.0,4.772072072072072,0.0,0.0,0.0,0.0,0.0,17.28395061728395,0.0,42.71604938271605,0.2,0.2,0.0,0.0,105.79436216216217,81.63265306122447,80.0,0.0,-7.216449660063518e-16,-7.216449660063518e-16
27,6.75,13.363363363363366,10.690690690690694,16.036036036036037,13.363363363363364,5.345345345345347,8.018018018018019,8.018018018018017,0.0,0.0,2.0,2.0,8.0,8.0,70.0,70.0,280.0,280.0,2.5,6.0,6.0,4.0,4.0,5.281981981981981,0.0,5.281981981981982,0.0,4.0,4.0,0.6,0.6,17.28395061728395,0.0,38.71604938271605,0.2,0.2,0.0,0.0,90.38741621621622,81.63265306122447,80.0,0.0,7.771561172376096e-16,-9.992007221626409e-16
28,7.0,12.312312312312313,9.84984984984985,14.774774774774777,12.312312312312311,4.924924924924926,7.387387387387387,7.387387387387386,0.0,0.0,2.0,2.0,8.0,8.0,70.0,70.0,280.0,280.0,2.5,6.0,6.0,4.0,4.0,5.812612612612613,0.0,5.812612612612613,0.0,3.333333333333332,3.333333333333333,0.49999999999999983,0.4999999999999999,17.28395061728395,0.0,39.38271604938272,0.2,0.2,0.0,0.0,91.41454594594596,81.63265306122447,80.0,0.0,-5.551115123125783e-16,-6.106226635438361e-16
29,7.25,16.366366366366368,13.093093093093096,19.63963963963964,16.366366366366368,6.546546546546548,9.81981981981982,9.81981981981982,0.0,0.0,2.0,2.0,8.0,8.0,70.0,70.0,280.0,280.0,2.5,6.0,6.0,4.0,4.0,3.98018018018018,0.0,3.980180180180181,0.0,7.333333333333332,7.333333333333333,1.0999999999999999,1.1,17.28395061728395,0.0,35.382716049382715,0.2,0.2,0.0,0.0,84.22463783783785,81.63265306122447,80.0,0.0,8.881784197001252e-16,6.661338147750939e-16
30,7.5,14.414414414414415,11.531531531531531,17.2972972972973,14.414414414414415,5.7657657657657655,8.64864864864865,8.64864864864865,0.0,0.0,1.0,1.0,4.0,4.0,35.0,35.0,140.0,140.0,2.5,3.0,3.0,2.0,2.0,0.7513513513513506,0.0,0.7513513513513495,0.0,11.333333333333332,11.333333333333332,1.6999999999999997,1.6999999999999995,8.641975308641975,0.0,40.0246913580247,0.2,0.2,0.0,0.0,111.95714054054055,81.63265306122447,80.0,0.0,6.661338147750939e-16,-8.881784197001252e-16
31,7.75,16.666666666666668,13.333333333333334,20.0,16.666666666666668,6.666666666666668,10.0,10.0,0.0,0.0,1.0,1.0,4.0,4.0,35.0,35.0,140.0,140.0,2.5,3.0,3.0,2.0,2.0,0.0,0.0,0.0,-0.0,15.333333333333332,15.333333333333332,2.3,2.3,8.641975308641975,0.0,36.0246913580247,0.2,0.2000000000000001,0.0,0.0,98.60445405405405,81.63265306122456,80.00000000000007,0.0,0.0,0.0
32,8.0,16.666666666666668,13.333333333333334,20.0,16.666666666666668,6.666666666666668,10.0,10.0,0.0,0.0,1.0,1.0,4.0,4.0,35.0,35.0,140.0,140.0,2.5,3.0,3.0,2.0,2.0,0.0,0.0,0.0,-0.0,15.333333333333332,15.333333333333332,2.3,2.3,8.641975308641975,0.0,36.0246913580247,0.2,0.2,0.0,0.0,114.01140000000001,81.63265306122447,80.0,0.0,0.0,0.0
33,8.25,15.015015015015015,12.012012012012011,18.01801801801802,15.015015015015017,6.006006006006006,9.00900900900901,9.009009009009011,0.0,0.0,1.0,1.0,4.0,4.0,35.0,35.0,140.0,140.0,2.5,3.0,3.0,2.0,2.0,0.3909909909909903,0.0,0.390990990990991,0.0,11.333333333333332,11.333333333333332,1.6999999999999997,1.6999999999999995,8.641975308641975,0.0,40.0246913580247,0.2,0.2000000000000006,0.0,0.0,114.01140000000001,81.63265306122476,80.00000000000026,0.0,6.661338147750939e-16,1.9984014443252818e-15
34,8.5,13.513513513513514,10.81081081081081,16.216216216216218,13.513513513513512,5.405405405405406,8.108108108108109,8.108108108108105,1.0,1.0,2.0,2.0,8.0,8.0,70.0,70.0,280.0,280.0,2.5,6.0,6.0,4.0,4.0,5.691891891891893,0.0,5.691891891891894,0.0,7.333333333333332,7.333333333333333,1.0999999999999999,1.1,17.28395061728395,17.638344226579598,17.74437182280312,0.2,0.2,0.0,0.0,102.71297297297296,81.63265306122447,80.0,449.77777777777976,8.881784197001252e-16,-1.1102230246251565e-15
35,8.75,13.363363363363366,10.690690690690694,16.036036036036037,13.363363363363364,5.345345345345347,8.018018018018019,8.018018018018017,0.0,0.0,2.0,2.0,8.0,8.0,70.0,70.0,280.0,280.0,2.5,6.0,6.0,4.0,4.0,5.1819819819819815,0.0,5.181981981981981,0.0,3.333333333333333,3.333333333333333,0.49999999999999994,0.5,17.28395061728395,0.0,39.38271604938272,0.2,0.2,0.0,0.0,92.44167567567568,81.63265306122447,80.0,0.0,-6.661338147750939e-16,-2.4980018054066022e-15
36,9.0,15.615615615615617,12.492492492492495,18.738738738738743,15.615615615615617,6.246246246246248,9.36936936936937,9.36936936936937,0.0,0.0,2.0,2.0,8.0,8.0,70.0,70.0,280.0,280.0,2.5,6.0,6.0,4.0,4.0,3.330630630630629,0.0,3.3306306306306297,0.0,0.0,0.0,0.0,0.0,17.28395061728395,42.71604938271605,0.0,0.2,0.2,0.0,0.0,91.41454594594596,81.63265306122447,80.0,1089.2592592592594,-7.216449660063518e-16,-7.216449660063518e-16
37,9.25,19.66966966966967,15.735735735735735,23.603603603603606,19.66966966966967,7.867867867867869,11.801801801801801,11.801801801801801,0.0,0.0,2.0,2.0,8.0,8.0,70.0,70.0,280.0,280.0,2.5,6.0,6.0,4.0,4.0,0.8981981981981988,0.0,0.8981981981981981,0.0,0.0,0.0,0.0,0.0,17.28395061728395,0.0,42.71604938271605,0.2,0.2,0.0,0.0,106.82149189189191,81.63265306122447,80.0,0.0,-7.216449660063518e-16,-7.216449660063518e-16
38,9.5,30.33033033033033,24.264264264264263,36.3963963963964,30.33033033033033,12.132132132132131,18.1981981981982,18.1981981981982,1.0,1.0,3.0,3.0,12.0,12.0,105.0,105.0,420.0,420.0,2.5,9.0,9.0,6.0,6.0,0.0,0.0,0.0,3.552713678800501e-15,3.3213213213213018,3.3213213213213018,0.4981981981981953,0.4981981981981952,25.925925925925927,0.0,30.752752752752773,0.2,0.2,0.0,0.0,134.5539945945946,81.63265306122447,80.0,0.0,3.552713678800501e-15,5.551115123125783e-17
39,9.75,27.92792792792793,22.342342342342345,33.513513513513516,27.92792792792793,11.171171171171173,16.756756756756758,16.756756756756758,0.0,0.0,3.0,3.0,12.0,12.0,105.0,105.0,420.0,420.0,2.5,9.0,9.0,6.0,6.0,0.943243243243242,0.0,0.9432432432432448,0.0,0.0,0.0,0.0,0.0,25.925925925925927,0.0,34.07407407407408,0.2,0.2,0.0,0.0,207.4802054054054,81.63265306122447,80.0,0.0,-7.216449660063518e-16,2.831068712794149e-15
40,10.0,20.57057057057057,16.456456456456458,24.684684684684683,20.57057057057057,8.228228228228229,12.342342342342342,12.342342342342342,0.0,0.0,3.0,3.0,12.0,12.0,105.0,105.0,420.0,420.0,2.5,9.0,9.0,6.0,6.0,5.357657657657659,0.0,5.357657657657658,0.0,0.0,0.0,0.0,0.0,25.925925925925927,0.0,34.07407407407408,0.2,0.2,0.0,0.0,191.04612972972973,81.63265306122447,80.0,0.0,-7.216449660063518e-16,-7.216449660063518e-16
41,10.25,19.219219219219223,15.375375375375379,23.063063063063066,19.219219219219223,7.687687687687689,11.531531531531535,11.531531531531535,0.0,0.0,3.0,3.0,12.0,12.0,105.0,105.0,420.0,420.0,2.5,9.0,9.0,6.0,6.0,6.168468468468466,0.0,6.168468468468465,0.0,0.0,0.0,0.0,0.0,25.925925925925927,0.0,34.07407407407408,0.2,0.2,0.0,0.0,140.71677297297296,81.63265306122447,80.0,0.0,-7.216449660063518e-16,-7.216449660063518e-16
42,10.5,16.666666666666668,13.333333333333334,20.0,16.666666666666668,6.666666666666668,10.0,10.0,0.0,0.0,3.0,3.0,12.0,12.0,105.0,105.0,420.0,420.0,2.5,9.0,9.0,6.0,6.0,8.3,0.0,8.3,0.0,4.000000000000004,4.000000000000004,0.6000000000000006,0.6000000000000005,25.925925925925927,0.0,30.074074074074076,0.2,0.2,0.0,0.0,131.47260540540543,81.63265306122447,80.0,0.0,1.1102230246251565e-16,2.220446049250313e-16
43,10.75,19.06906906906907,15.255255255255253,22.882882882882882,19.06906906906907,7.627627627627628,11.441441441441441,11.441441441441441,0.0,0.0,3.0,3.0,12.0,12.0,105.0,105.0,420.0,420.0,2.5,9.0,9.0,6.0,6.0,6.258558558558559,0.0,6.258558558558558,0.0,0.0,0.0,0.0,0.0,25.925925925925927,0.0,34.07407407407408,0.2,0.2,0.0,0.0,114.01140000000001,81.63265306122447,80.0,0.0,-7.216449660063518e-16,-7.216449660063518e-16
44,11.0,19.36936936936937,15.495495495495497,23.243243243243246,19.36936936936937,7.7477477477477485,11.621621621621621,11.621621621621621,0.0,0.0,3.0,3.0,12.0,12.0,105.0,105.0,420.0,420.0,2.5,9.0,9.0,6.0,6.0,6.678378378378377,0.0,6.67837837837838,0.0,4.0,4.0,0.6,0.6,25.925925925925927,0.0,30.07407407407408,0.2,0.2,0.0,0.0,130.44547567567568,81.63265306122447,80.0,0.0,-2.7755575615628914e-15,7.771561172376096e-16
45,11.25,18.16816816816817,14.534534534534536,21.801801801801805,18.16816816816817,7.267267267267268,10.9009009009009,10.9009009009009,0.0,0.0,3.0,3.0,12.0,12.0,105.0,105.0,420.0,420.0,2.5,9.0,9.0,6.0,6.0,6.799099099099098,0.0,6.799099099099099,0.0,0.0,0.0,0.0,0.0,25.925925925925927,0.0,34.07407407407408,0.2,0.2,0.0,0.0,132.49973513513515,81.63265306122447,80.0,0.0,-7.216449660063518e-16,-7.216449660063518e-16
46,11.5,18.31831831831832,14.654654654654653,21.98198198198198,18.318318318318322,7.327327327327327,10.99099099099099,10.990990990990994,0.0,0.0,3.0,3.0,12.0,12.0,105.0,105.0,420.0,420.0,2.5,9.0,9.0,6.0,6.0,6.7090090090090095,0.0,6.709009009009009,0.0,0.0,0.0,0.0,0.0,25.925925925925927,0.0,34.07407407407408,0.2,0.2,0.0,0.0,124.2826972972973,81.63265306122447,80.0,0.0,-7.216449660063518e-16,2.831068712794149e-15
47,11.75,19.51951951951952,15.615615615615614,23.423423423423426,19.51951951951952,7.807807807807808,11.711711711711711,11.711711711711711,0.0,0.0,3.0,3.0,12.0,12.0,105.0,105.0,420.0,420.0,2.5,9.0,9.0,6.0,6.0,6.288288288288287,0.0,6.288288288288289,0.0,2.0,2.0,0.3,0.3,25.925925925925927,0.0,32.07407407407408,0.2,0.2,0.0,0.0,125.30982702702701,81.63265306122447,80.0,0.0,0.0,0.0
48,12.0,12.462462462462463,9.96996996996997,14.954954954954955,12.462462462462465,4.984984984984985,7.477477477477478,7.47747747747748,1.0,0.0,4.0,3.0,16.0,12.0,140.0,105.0,420.0,420.0,2.5,12.0,9.0,8.0,6.0,15.22252252252252,0.0,15.222522522522516,0.0,0.0,6.0,0.0,0.8999999999999999,25.925925925925927,28.07407407407408,0.0,0.2,1.4,0.0,2.899999999999999,133.52686486486485,571.4285714285714,560.0,715.8888888888889,-4.274358644806853e-15,-3.1086244689504383e-15
49,12.25,14.114114114114116,11.291291291291293,16.936936936936938,14.114114114114116,5.645645645645647,8.468468468468469,8.468468468468469,0.0,0.0,4.0,3.0,16.0,12.0,140.0,105.0,420.0,420.0,2.5,12.0,9.0,8.0,6.0,14.23153153153153,0.0,14.231531531531529,0.0,0.0,6.0,0.0,0.8999999999999999,25.925925925925927,28.07407407407408,0.0,0.2,1.4,0.0,2.899999999999999,85.25176756756757,571.4285714285714,560.0,715.8888888888889,-7.216449660063518e-16,-3.1086244689504383e-15
50,12.5,10.21021021021021,8.168168168168169,12.252252252252251,10.21021021021021,4.084084084084084,6.126126126126126,6.126126126126126,0.0,0.0,4.0,3.0,16.0,12.0,140.0,105.0,420.0,420.0,2.5,12.0,9.0,8.0,6.0,16.573873873873875,0.0,16.573873873873872,0.0,0.0,6.0,0.0,0.8999999999999999,25.925925925925927,0.0,28.07407407407408,0.2,1.4,0.0,2.900000000000001,96.55019459459461,571.4285714285714,560.0,0.0,2.831068712794149e-15,-4.884981308350689e-15
51,12.75,9.75975975975976,7.807807807807807,11.711711711711713,9.75975975975976,3.903903903903904,5.8558558558558556,5.8558558558558556,1.0,0.0,5.0,3.0,16.0,12.0,140.0,105.0,420.0,420.0,2.5,15.0,9.0,8.0,6.0,19.844144144144146,0.0,19.8,0.0,0.0,6.0,0.0,0.8999999999999999,25.925925925925927,0.0,28.07407407407408,0.2,1.4,0.0,5.855855855855856,69.84482162162163,571.4285714285714,560.0,0.0,2.831068712794149e-15,-2.6645352591003757e-15
52,13.0,11.111111111111112,8.888888888888891,13.333333333333336,11.11111111111111,4.4444444444444455,6.666666666666667,6.666666666666665,2.0,3.0,6.0,5.0,16.0,16.0,140.0,140.0,560.0,560.0,2.5,18.0,15.0,8.0,8.0,22.33333333333333,0.0,22.33333333333333,0.0,2.0,8.0,0.3,1.2,34.5679012345679,0.0,17.4320987654321,0.2,1.4,0.0,0.8999999999999981,66.76343243243242,571.4285714285714,560.0,0.0,-3.552713678800501e-15,-5.10702591327572e-15
53,13.25,11.411411411411411,9.12912912912913,13.693693693693692,11.411411411411411,4.564564564564565,6.846846846846846,6.846846846846846,0.0,0.0,6.0,5.0,16.0,16.0,140.0,140.0,560.0,560.0,2.5,18.0,15.0,8.0,8.0,21.853153153153155,0.0,21.853153153153148,0.0,0.0,6.0,0.0,0.8999999999999999,34.5679012345679,19.43209876543209,7.105427357601002e-15,0.2,1.4,0.0,0.9000000000000012,76.00760000000001,571.4285714285714,560.0,495.5185185185184,2.831068712794149e-15,-5.329070518200751e-15
54,13.5,8.258258258258259,6.606606606606607,9.90990990990991,8.258258258258259,3.3033033033033035,4.954954954954955,4.954954954954955,1.0,1.0,7.0,6.0,16.0,16.0,140.0,140.0,560.0,560.0,2.5,21.0,18.0,8.0,8.0,26.745045045045043,0.0,26.74504504504504,0.0,0.0,6.0,0.0,0.8999999999999999,34.5679012345679,19.43209876543209,7.105427357601002e-15,0.2,1.4,0.0,0.8999999999999959,78.06185945945946,571.4285714285714,560.0,495.5185185185184,-4.274358644806853e-15,0.0
55,13.75,5.855855855855856,4.684684684684685,7.027027027027027,5.855855855855856,2.3423423423423424,3.513513513513514,3.513513513513514,1.0,2.0,8.0,8.0,16.0,16.0,140.0,140.0,560.0,560.0,2.5,24.0,24.0,8.0,8.0,31.186486486486487,0.0,31.486486486486484,0.0,0.0,2.0,0.0,0.3,34.5679012345679,16.60130718954261,6.830791575889492,0.2,0.2,0.0,0.0,56.492135135135136,81.63265306122447,80.0,423.3333333333365,2.831068712794149e-15,0.0
56,14.0,3.153153153153154,2.522522522522523,3.783783783783784,3.153153153153154,1.2612612612612615,1.8918918918918923,1.8918918918918923,0.0,0.0,8.0,8.0,16.0,16.0,140.0,140.0,560.0,560.0,2.5,24.0,24.0,8.0,8.0,33.40810810810811,0.0,33.40810810810811,0.0,4.0,4.0,0.6,0.6,34.5679012345679,0.0,21.4320987654321,0.2,0.2,0.0,0.0,40.05805945945946,81.63265306122447,80.0,0.0,4.3298697960381105e-15,4.3298697960381105e-15
57,14.25,2.5525525525525525,2.042042042042042,3.063063063063063,2.5525525525525525,1.021021021021021,1.5315315315315314,1.5315315315315314,0.0,0.0,8.0,8.0,16.0,16.0,140.0,140.0,560.0,560.0,2.5,24.0,24.0,8.0,8.0,33.16846846846847,0.0,33.16846846846847,0.0,0.0,0.0,0.0,0.0,34.5679012345679,0.0,25.4320987654321,0.2,0.2,0.0,0.0,21.56972432432433,81.63265306122447,80.0,0.0,2.831068712794149e-15,2.831068712794149e-15
58,14.5,1.5015015015015014,1.201201201201201,1.801801801801802,1.5015015015015016,0.6006006006006006,0.9009009009009008,0.900900900900901,1.0,1.0,9.0,9.0,16.0,16.0,140.0,140.0,560.0,560.0,2.5,27.0,27.0,8.0,8.0,36.7990990990991,0.0,36.7990990990991,0.0,0.0,0.0,0.0,0.0,34.5679012345679,0.0,25.4320987654321,0.2,0.2,0.0,0.0,17.46120540540541,81.63265306122447,80.0,0.0,2.831068712794149e-15,2.831068712794149e-15
59,14.75,3.3033033033033035,2.642642642642643,3.963963963963964,3.3033033033033035,1.3213213213213215,1.981981981981982,1.981981981981982,0.0,0.0,9.0,9.0,16.0,16.0,140.0,140.0,560.0,560.0,2.5,27.0,27.0,8.0,8.0,35.71801801801802,0.0,36.31801801801802,0.0,0.0,4.0,0.0,0.6,34.5679012345679,0.0,21.4320987654321,0.2,0.2,0.0,0.0,10.271297297297297,81.63265306122447,80.0,0.0,2.831068712794149e-15,4.3298697960381105e-15
60,15.0,2.2522522522522523,1.8018018018018018,2.7027027027027026,2.2522522522522523,0.900900900900901,1.3513513513513513,1.3513513513513513,0.0,0.0,9.0,9.0,16.0,16.0,140.0,140.0,560.0,560.0,2.5,27.0,27.0,8.0,8.0,36.34864864864865,0.0,36.34864864864865,0.0,0.0,0.0,0.0,0.0,34.5679012345679,25.43209876543209,7.105427357601002e-15,0.2,0.2,0.0,0.0,22.596854054054056,81.63265306122447,80.0,648.5185185185184,2.831068712794149e-15,2.831068712794149e-15
61,15.25,4.504504504504505,3.6036036036036037,5.405405405405405,4.504504504504505,1.801801801801802,2.7027027027027026,2.7027027027027026,0.0,0.0,9.0,9.0,16.0,16.0,140.0,140.0,560.0,560.0,2.5,27.0,27.0,8.0,8.0,34.9972972972973,0.0,34.997297297297294,0.0,0.0,0.0,0.0,0.0,34.5679012345679,25.43209876543209,7.105427357601002e-15,0.2,0.1999999999999943,0.0,0.0,15.406945945945946,81.6326530612222,79.99999999999775,648.5185185185184,2.831068712794149e-15,1.4432899320127035e-15
62,15.5,6.306306306306308,5.045045045045046,7.567567567567568,6.306306306306308,2.522522522522523,3.7837837837837847,3.7837837837837847,1.0,1.0,10.0,10.0,16.0,16.0,140.0,140.0,560.0,560.0,2.5,30.0,30.0,8.0,8.0,36.91621621621622,0.0,38.116216216216216,0.0,0.0,0.0,0.0,0.0,34.5679012345679,0.0,25.4320987654321,0.2,1.4,0.0,0.0,30.813891891891892,571.4285714285714,560.0,0.0,2.831068712794149e-15,-1.3322676295501878e-15
63,15.75,4.354354354354355,3.4834834834834836,5.225225225225225,4.354354354354355,1.7417417417417418,2.6126126126126126,2.6126126126126126,0.0,0.0,10.0,10.0,16.0,16.0,140.0,140.0,560.0,560.0,2.5,30.0,30.0,8.0,8.0,38.08738738738739,0.0,38.08738738738739,0.0,0.0,0.0,0.0,0.0,34.5679012345679,0.0,25.4320987654321,0.2,0.2,0.0,0.0,43.13944864864866,81.63265306122447,80.0,0.0,2.831068712794149e-15,2.831068712794149e-15
64,16.0,6.006006006006006,4.804804804804804,7.207207207207208,6.006006006006006,2.4024024024024024,3.603603603603603,3.603603603603603,0.0,0.0,10.0,10.0,16.0,16.0,140.0,140.0,560.0,560.0,2.5,30.0,30.0,8.0,8.0,37.0963963963964,0.0,37.0963963963964,0.0,0.0,0.0,0.0,0.0,34.5679012345679,0.0,25.4320987654321,0.2,0.2,0.0,0.0,29.786762162162162,81.63265306122447,80.0,0.0,2.831068712794149e-15,2.831068712794149e-15
65,16.25,5.555555555555556,4.4444444444444455,6.666666666666668,5.555555555555556,2.2222222222222228,3.3333333333333335,3.3333333333333335,0.0,0.0,10.0,10.0,16.0,16.0,140.0,140.0,560.0,560.0,2.5,30.0,30.0,8.0,8.0,37.96666666666667,0.0,37.96666666666667,0.0,4.00000000000001,4.00000000000001,0.6000000000000015,0.6000000000000014,34.5679012345679,0.0,21.43209876543209,0.2,0.2,0.0,0.0,41.08518918918919,81.63265306122447,80.0,0.0,2.7755575615628914e-15,2.886579864025407e-15
66,16.5,6.156156156156157,4.924924924924925,7.387387387387388,6.156156156156157,2.462462462462463,3.6936936936936937,3.6936936936936937,0.0,0.0,9.0,9.0,16.0,16.0,140.0,140.0,560.0,560.0,2.5,27.0,27.0,8.0,8.0,34.00630630630631,0.0,34.00630630630631,0.0,0.0,0.0,0.0,0.0,34.5679012345679,0.0,25.4320987654321,0.2,0.2,0.0,0.0,38.003800000000005,81.63265306122447,80.0,0.0,2.831068712794149e-15,2.831068712794149e-15
67,16.75,4.804804804804806,3.8438438438438447,5.765765765765766,4.804804804804806,1.9219219219219223,2.8828828828828836,2.8828828828828836,0.0,0.0,9.0,9.0,16.0,16.0,140.0,140.0,560.0,560.0,2.5,27.0,27.0,8.0,8.0,34.88950520309334,0.0,34.88950520309334,0.0,0.4825872398414917,0.4825872398414917,0.07238808597622376,0.0723880859762237,34.5679012345679,0.0,24.94951152559061,0.2,0.2,0.0,0.0,42.11231891891892,81.63265306122447,80.0,0.0,8.881784197001252e-16,9.43689570931383e-16
68,17.0,5.555555555555556,4.4444444444444455,6.666666666666668,5.555555555555556,2.2222222222222228,3.3333333333333335,3.3333333333333335,1.0,1.0,10.0,10.0,16.0,16.0,140.0,140.0,560.0,560.0,2.5,30.0,30.0,8.0,8.0,37.36666666666667,0.0,37.36666666666667,0.0,0.0,0.0,0.0,0.0,34.5679012345679,0.0,25.4320987654321,0.2,0.2,0.0,0.0,32.86815135135136,81.63265306122447,80.0,0.0,2.831068712794149e-15,2.831068712794149e-15
69,17.25,5.405405405405406,4.3243243243243255,6.486486486486487,5.405405405405406,2.1621621621621627,3.2432432432432434,3.2432432432432434,0.0,0.0,10.0,10.0,16.0,16.0,140.0,140.0,560.0,560.0,2.5,30.0,30.0,8.0,8.0,37.45675675675676,0.0,37.45675675675676,0.0,0.0,0.0,0.0,0.0,34.5679012345679,25.43209876543209,7.105427357601002e-15,0.2,0.2,0.0,0.0,38.003800000000005,81.63265306122447,80.0,648.5185185185184,2.831068712794149e-15,2.831068712794149e-15
70,17.5,3.9039039039039043,3.123123123123124,4.684684684684686,3.903903903903904,1.561561561561562,2.3423423423423424,2.342342342342342,0.0,0.0,9.0,9.0,16.0,16.0,140.0,140.0,560.0,560.0,2.5,27.0,27.0,8.0,8.0,35.35765765765766,0.0,35.35765765765766,0.0,0.0,0.0,0.0,0.0,34.5679012345679,25.43209876543209,7.105427357601002e-15,0.2,0.2,0.0,0.0,36.976670270270276,81.63265306122447,80.0,648.5185185185184,2.831068712794149e-15,2.831068712794149e-15
71,17.75,2.702702702702703,2.1621621621621627,3.2432432432432434,2.702702702702703,1.0810810810810814,1.6216216216216217,1.6216216216216217,1.0,1.0,10.0,10.0,16.0,16.0,140.0,140.0,560.0,560.0,2.5,30.0,30.0,8.0,8.0,39.07837837837838,0.0,39.07837837837838,0.0,0.0,0.0,0.0,0.0,34.5679012345679,0.0,25.4320987654321,0.2000000000000028,0.2,0.0,0.0,26.705372972972977,81.63265306122447,80.0,0.0,5.551115123125783e-17,2.831068712794149e-15
72,18.0,4.2042042042042045,3.363363363363364,5.045045045045046,4.2042042042042045,1.681681681681682,2.5225225225225225,2.5225225225225225,0.0,0.0,10.0,10.0,16.0,16.0,140.0,140.0,560.0,560.0,2.5,30.0,30.0,8.0,8.0,38.17747747747748,0.0,38.17747747747748,0.0,0.0,0.0,0.0,0.0,34.5679012345679,0.0,25.4320987654321,0.2,0.2,0.0,0.0,18.488335135135138,81.63265306122447,80.0,0.0,2.831068712794149e-15,2.831068712794149e-15
73,18.25,6.606606606606607,5.285285285285286,7.927927927927928,6.606606606606607,2.642642642642643,3.963963963963964,3.963963963963964,0.0,0.0,10.0,10.0,16.0,16.0,140.0,140.0,560.0,560.0,2.5,30.0,30.0,8.0,8.0,36.73603603603604,0.0,36.73603603603604,0.0,0.0,0.0,0.0,0.0,34.5679012345679,0.0,25.4320987654321,0.2,0.2,0.0,0.0,28.759632432432436,81.63265306122447,80.0,0.0,2.831068712794149e-15,2.831068712794149e-15
74,18.5,4.954954954954955,3.9639639639639634,5.945945945945946,4.954954954954955,1.981981981981982,2.972972972972973,2.972972972972973,0.0,0.0,10.0,10.0,16.0,16.0,140.0,140.0,560.0,560.0,2.5,30.0,30.0,8.0,8.0,37.72702702702703,0.0,37.72702702702703,0.0,0.0,0.0,0.0,0.0,34.5679012345679,0.0,25.4320987654321,0.2,0.2,0.0,0.0,45.19370810810811,81.63265306122447,80.0,0.0,2.831068712794149e-15,2.831068712794149e-15
75,18.75,7.6576576576576585,6.126126126126126,9.18918918918919,7.6576576576576585,3.0630630630630633,4.594594594594595,4.594594594594595,0.0,0.0,10.0,10.0,16.0,16.0,140.0,140.0,560.0,560.0,2.5,30.0,30.0,8.0,8.0,36.70540540540541,0.0,36.70540540540541,0.0,4.0,4.0,0.6,0.6,34.5679012345679,0.0,21.4320987654321,0.2,0.2,0.0,0.0,33.89528108108108,81.63265306122447,80.0,0.0,4.3298697960381105e-15,4.3298697960381105e-15
76,19.0,7.5075075075075075,6.006006006006006,9.00900900900901,7.5075075075075075,3.003003003003003,4.504504504504505,4.504504504504505,0.0,0.0,10.0,10.0,16.0,16.0,140.0,140.0,560.0,560.0,2.5,30.0,30.0,8.0,8.0,37.3954954954955,0.0,37.3954954954955,0.0,8.0,8.0,1.2,1.2,34.5679012345679,0.0,17.4320987654321,0.2,0.2,0.0,0.0,52.38361621621622,81.63265306122447,80.0,0.0,5.773159728050814e-15,5.773159728050814e-15
77,19.25,7.057057057057058,5.645645645645646,8.468468468468469,7.057057057057058,2.8228228228228236,4.2342342342342345,4.2342342342342345,0.0,0.0,10.0,10.0,16.0,16.0,140.0,140.0,560.0,560.0,2.5,30.0,30.0,8.0,8.0,37.06576576576577,0.0,37.06576576576577,0.0,4.0,4.0,0.6,0.6,34.5679012345679,0.0,21.4320987654321,0.2,0.2,0.0,0.0,51.35648648648648,81.63265306122447,80.0,0.0,4.3298697960381105e-15,4.3298697960381105e-15
78,19.5,10.360360360360362,8.28828828828829,12.432432432432433,10.360360360360362,4.1441441441441444,6.216216216216218,6.216216216216218,0.0,0.0,10.0,10.0,16.0,16.0,140.0,140.0,560.0,560.0,2.5,30.0,30.0,8.0,8.0,34.483783783783785,0.0,34.483783783783785,0.0,0.0,0.0,0.0,0.0,34.5679012345679,0.0,25.4320987654321,0.2,0.2,0.0,0.0,48.27509729729731,81.63265306122447,80.0,0.0,2.831068712794149e-15,2.831068712794149e-15
79,19.75,8.408408408408409,6.726726726726728,10.090090090090092,8.408408408408409,3.363363363363364,5.045045045045045,5.045045045045045,0.0,0.0,10.0,10.0,16.0,16.0,140.0,140.0,560.0,560.0,2.5,30.0,30.0,8.0,8.0,35.65495495495496,0.0,35.65495495495496,0.0,0.0,0.0,0.0,0.0,34.5679012345679,0.0,25.4320987654321,0.2,0.2,0.0,0.0,70.87195135135136,81.63265306122447,80.0,0.0,2.831068712794149e-15,2.831068712794149e-15
80,20.0,8.408408408408409,6.726726726726728,10.090090090090092,8.408408408408409,3.363363363363364,5.045045045045045,5.045045045045045,0.0,0.0,9.0,10.0,16.0,16.0,140.0,140.0,560.0,560.0,2.5,27.0,30.0,8.0,8.0,32.65495495495496,0.0,35.65495495495496,0.0,0.0,0.0,0.0,0.0,34.5679012345679,25.43209876543209,7.105427357601002e-15,0.2,0.2,0.0,0.0,57.51926486486487,81.63265306122447,80.0,648.5185185185184,2.831068712794149e-15,2.831068712794149e-15
81,20.25,14.714714714714715,11.771771771771771,17.65765765765766,14.714714714714715,5.8858858858858865,8.82882882882883,8.82882882882883,0.0,0.0,9.0,10.0,16.0,16.0,140.0,140.0,560.0,560.0,2.5,27.0,30.0,8.0,8.0,28.871171171171174,0.0,31.87117117117117,0.0,0.0,0.0,0.0,0.0,34.5679012345679,0.0,25.4320987654321,0.2,0.2,0.0,0.0,57.51926486486487,81.63265306122447,80.0,0.0,2.831068712794149e-15,2.831068712794149e-15
82,20.5,22.972972972972975,18.378378378378383,27.567567567567572,22.972972972972975,9.189189189189191,13.783783783783784,13.783783783783784,0.0,0.0,9.0,10.0,16.0,16.0,140.0,140.0,560.0,560.0,2.5,27.0,30.0,8.0,8.0,23.916216216216213,0.0,26.91621621621622,0.0,0.0,0.0,0.0,0.0,34.5679012345679,0.0,25.4320987654321,0.2,0.2,0.0,0.0,100.65871351351352,81.63265306122447,80.0,0.0,-4.274358644806853e-15,2.831068712794149e-15
83,20.75,24.624624624624627,19.6996996996997,29.549549549549553,24.624624624624623,9.849849849849852,14.774774774774775,14.774774774774771,0.0,0.0,8.0,10.0,16.0,16.0,140.0,140.0,560.0,560.0,2.5,24.0,30.0,8.0,8.0,19.925225225225223,0.0,25.92522522522523,0.0,0.0,0.0,0.0,0.0,34.5679012345679,0.0,25.4320987654321,0.2,0.2,0.0,0.0,157.1508486486487,81.63265306122447,80.0,0.0,-4.274358644806853e-15,2.831068712794149e-15
84,21.0,21.32132132132132,17.057057057057055,25.585585585585584,21.32132132132132,8.528528528528527,12.792792792792794,12.792792792792794,0.0,0.0,6.0,7.0,16.0,16.0,140.0,140.0,560.0,560.0,2.5,18.0,21.0,8.0,8.0,15.907207207207207,0.0,18.907207207207207,0.0,0.0,0.0,0.0,0.0,34.5679012345679,25.43209876543209,7.105427357601002e-15,0.2,0.2,0.0,0.0,168.4492756756757,81.63265306122447,80.0,648.5185185185184,2.831068712794149e-15,2.831068712794149e-15
85,21.25,12.462462462462463,9.96996996996997,14.954954954954955,12.462462462462465,4.984984984984985,7.477477477477478,7.47747747747748,0.0,0.0,6.0,7.0,16.0,16.0,140.0,140.0,560.0,560.0,2.5,18.0,21.0,8.0,8.0,21.22252252252252,0.0,24.222522522522524,0.0,0.0,0.0,0.0,0.0,34.5679012345679,0.0,25.4320987654321,0.2,0.2,0.0,0.0,145.8524216216216,81.63265306122447,80.0,0.0,-7.216449660063518e-16,2.831068712794149e-15
86,21.5,13.063063063063064,10.45045045045045,15.675675675675677,13.063063063063064,5.225225225225225,7.837837837837839,7.837837837837839,0.0,0.0,5.0,6.0,16.0,16.0,140.0,140.0,560.0,560.0,2.5,15.0,18.0,8.0,8.0,17.86216216216216,0.0,20.862162162162164,0.0,0.0,0.0,0.0,0.0,34.5679012345679,25.43209876543209,7.105427357601002e-15,0.2,0.2,0.0,0.0,85.25176756756757,81.63265306122447,80.0,648.5185185185184,-7.216449660063518e-16,2.831068712794149e-15
87,21.75,16.516516516516518,13.213213213213214,19.81981981981982,16.516516516516518,6.606606606606607,9.90990990990991,9.90990990990991,0.0,0.0,4.0,4.0,16.0,16.0,140.0,140.0,560.0,560.0,2.5,12.0,12.0,8.0,8.0,13.390090090090087,0.0,13.39009009009009,0.0,4.0,4.0,0.6,0.6,34.5679012345679,0.0,21.4320987654321,0.2,0.2,0.0,0.0,89.36028648648649,81.63265306122447,80.0,0.0,-2.7755575615628914e-15,7.771561172376096e-16
88,22.0,15.915915915915916,12.732732732732734,19.0990990990991,15.915915915915916,6.366366366366367,9.54954954954955,9.54954954954955,0.0,0.0,4.0,4.0,16.0,16.0,140.0,140.0,560.0,560.0,2.5,12.0,12.0,8.0,8.0,13.150450450450451,0.0,13.150450450450451,0.0,0.0,0.0,0.0,0.0,34.5679012345679,25.43209876543209,7.105427357601002e-15,0.200000000000001,0.2,0.0,0.0,112.98427027027027,81.63265306122447,80.0,648.5185185185184,1.8318679906315083e-15,2.831068712794149e-15
89,22.25,13.813813813813814,11.051051051051052,16.576576576576574,13.813813813813816,5.525525525525526,8.288288288288289,8.288288288288289,0.0,0.0,4.0,4.0,16.0,16.0,140.0,140.0,560.0,560.0,2.5,12.0,12.0,8.0,8.0,14.411711711711712,0.0,14.411711711711712,0.0,0.0,0.0,0.0,0.0,34.5679012345679,0.0,25.4320987654321,0.2,0.2,0.0,0.0,108.87575135135135,81.63265306122447,80.0,0.0,2.831068712794149e-15,2.831068712794149e-15
90,22.5,17.41741741741742,13.933933933933934,20.9009009009009,17.41741741741742,6.966966966966967,10.45045045045045,10.45045045045045,2.0,2.0,5.0,5.0,16.0,16.0,140.0,140.0,560.0,560.0,2.5,15.0,15.0,8.0,8.0,15.849549549549549,0.0,15.84954954954955,0.0,4.0,4.0,0.6,0.6,34.5679012345679,0.0,21.4320987654321,0.2,0.2,0.0,0.0,94.49593513513514,81.63265306122447,80.0,0.0,-2.7755575615628914e-15,7.771561172376096e-16
91,22.75,16.216216216216218,12.972972972972974,19.45945945945946,16.216216216216218,6.486486486486487,9.72972972972973,9.72972972972973,0.0,0.0,5.0,5.0,16.0,16.0,140.0,140.0,560.0,560.0,2.5,15.0,15.0,8.0,8.0,16.57027027027027,0.0,16.57027027027027,0.0,4.0,4.0,0.6,0.6,34.5679012345679,0.0,21.4320987654321,0.2,0.2,0.0,0.0,119.14704864864865,81.63265306122447,80.0,0.0,7.771561172376096e-16,7.771561172376096e-16
92,23.0,8.108108108108109,6.486486486486487,9.72972972972973,8.108108108108109,3.2432432432432434,4.864864864864865,4.864864864864865,0.0,0.0,5.0,5.0,16.0,16.0,140.0,140.0,560.0,560.0,2.5,15.0,15.0,8.0,8.0,20.835135135135136,0.0,20.835135135135133,0.0,0.0,0.0,0.0,0.0,34.5679012345679,25.43209876543209,7.105427357601002e-15,0.2,0.2,0.0,0.0,110.93001081081081,81.63265306122447,80.0,648.5185185185184,2.831068712794149e-15,-4.274358644806853e-15
93,23.25,3.9039039039039043,3.123123123123124,4.684684684684686,3.903903903903904,1.561561561561562,2.3423423423423424,2.342342342342342,0.0,0.0,5.0,5.0,16.0,16.0,140.0,140.0,560.0,560.0,2.5,15.0,15.0,8.0,8.0,23.357657657657654,0.0,23.55944977235297,0.0,0.0,1.3452807646354488,0.0,0.2017921146953173,34.5679012345679,0.0,24.08681800079665,0.2,0.2,0.0,0.0,55.46500540540541,81.63265306122447,80.0,0.0,-4.274358644806853e-15,-5.9119376061289586e-15
94,23.5,3.4534534534534536,2.762762762762763,4.144144144144144,3.4534534534534536,1.3813813813813816,2.0720720720720722,2.0720720720720722,0.0,0.0,4.0,4.0,16.0,16.0,140.0,140.0,560.0,560.0,2.5,12.0,12.0,8.0,8.0,21.22792792792793,0.0,21.22792792792793,0.0,4.00000000000001,4.00000000000001,0.6000000000000015,0.6000000000000014,34.5679012345679,0.0,21.43209876543209,0.2,0.2,0.0,0.0,26.705372972972977,81.63265306122447,80.0,0.0,-7.771561172376096e-16,-6.661338147750939e-16
95,23.75,3.3033033033033035,2.642642642642643,3.963963963963964,3.3033033033033035,1.3213213213213215,1.981981981981982,1.981981981981982,0.0,0.0,4.0,4.0,16.0,16.0,140.0,140.0,560.0,560.0,2.5,12.0,12.0,8.0,8.0,20.718018018018014,0.0,20.718018018018014,0.0,0.0,0.0,0.0,0.0,34.5679012345679,0.0,25.4320987654321,0.2,0.2,0.0,0.0,23.623983783783785,81.63265306122447,80.0,0.0,-4.274358644806853e-15,-4.274358644806853e-15
