period,agv_charge_count,agv_charge_power_rt_mw,agv_container_count,agv_idle_count,backlog,backlog_tasks,charge_deviation_mw,charge_deviation_negative_mw,charge_deviation_positive_mw,grid_buy_rt_mw,grid_deviation_mw,grid_deviation_negative_mw,grid_deviation_positive_mw,grid_rt_mw,grid_sell_rt_mw,soc,spill_deviation_mw,spill_deviation_negative_mw,spill_deviation_positive_mw,spill_rt_mw,task_done
0,0.0,0.0,34.5679012345679,25.4320987654321,0.0,0.0,0.0,-0.0,0.0,25.010510510510507,2.3723723723723733,0.0,2.3723723723723715,25.010510510510507,0.0,0.7,0.0,-0.0,0.0,0.0,140.0
1,0.0,0.0,34.5679012345679,25.4320987654321,0.0,0.0,0.0,-0.0,0.0,18.043543543543542,4.114114114114113,0.0,4.114114114114113,18.043543543543542,0.0,0.6925925925925925,0.0,-0.0,0.0,0.0,140.0
2,0.0,0.0,34.5679012345679,25.4320987654321,0.0,0.0,0.0,-0.0,0.0,11.797297297297298,5.675675675675674,0.0,5.675675675675677,11.797297297297298,0.0,0.6851851851851851,0.0,-0.0,0.0,0.0,140.0
3,4.0,0.6,34.5679012345679,21.4320987654321,0.0,0.0,0.6,0.0,0.6,2.818318318318319,0.0,0.0,0.0,2.818318318318319,0.0,0.6777777777777777,5.736336336336338,0.0,5.736336336336338,5.736336336336338,140.0
4,0.0,0.0,34.5679012345679,25.4320987654321,0.0,0.0,0.0,-0.0,0.0,18.644144144144146,3.963963963963966,0.0,3.963963963963966,18.644144144144146,0.0,0.6770132275132275,0.0,-0.0,0.0,0.0,140.0
5,0.0,0.0,34.5679012345679,25.4320987654321,0.0,0.0,0.0,-0.0,0.0,16.6021021021021,4.474474474474476,0.0,4.474474474474476,16.6021021021021,0.0,0.66960582010582,0.0,-0.0,0.0,0.0,140.0
6,0.0,0.0,34.5679012345679,25.4320987654321,0.0,0.0,0.0,-0.0,0.0,13.95945945945946,5.135135135135137,0.0,5.135135135135137,13.95945945945946,0.0,0.6621984126984126,0.0,-0.0,0.0,0.0,140.0
7,4.0,0.6,34.5679012345679,21.4320987654321,0.0,0.0,0.6,0.0,0.6,2.370870870870874,0.0,0.0,3.552713678800501e-15,2.370870870870874,0.0,0.6547910052910052,5.225825825825828,0.0,5.225825825825828,5.225825825825828,140.0
8,0.0,0.0,34.5679012345679,25.4320987654321,0.0,0.0,0.0,-0.0,0.0,3.121621621621621,0.0,0.0,0.0,3.121621621621621,0.0,0.654026455026455,0.0,-0.0,0.0,0.0,140.0
9,4.0,0.6,34.5679012345679,21.4320987654321,0.0,0.0,0.0,-0.0,0.0,0.0,8.288288288288284,0.0,8.288288288288287,-1.0531531531531613,1.0531531531531613,0.6466190476190475,0.0,-0.0,0.0,0.0,140.0
10,0.0,0.0,34.5679012345679,25.4320987654321,0.0,0.0,0.0,-0.0,0.0,0.0,10.0,0.0,10.0,-11.500000000000007,11.500000000000007,0.6458544973544973,0.0,-0.0,0.0,0.0,140.0
11,0.0,0.0,34.5679012345679,25.4320987654321,0.0,0.0,0.0,-0.0,0.0,0.0,9.57957957957958,0.0,9.57957957957958,-9.818318318318319,9.818318318318319,0.6384470899470899,0.0,-0.0,0.0,0.0,140.0
12,0.0,0.0,34.5679012345679,25.4320987654321,0.0,0.0,0.0,-0.0,0.0,0.0,6.516516516516518,0.0,6.516516516516518,-0.5660660660660639,0.5660660660660639,0.6310396825396825,0.0,-0.0,0.0,0.0,140.0
13,0.0,0.0,34.5679012345679,25.4320987654321,0.0,0.0,0.0,-0.0,0.0,1.1756756756756772,0.0,0.0,0.0,1.1756756756756772,0.0,0.623632275132275,0.0,-0.0,0.0,0.0,140.0
14,0.0,0.0,34.5679012345679,25.4320987654321,0.0,0.0,0.0,-0.0,0.0,4.328828828828829,0.0,0.0,0.0,4.328828828828829,0.0,0.6162248677248676,0.0,-0.0,0.0,0.0,140.0
15,2.967426207569636,0.44511393113544534,34.5679012345679,22.464672557862464,0.0,0.0,0.0,-0.0,0.0,0.0,0.0,0.0,0.0,-2.8807118946903785,2.8807118946903785,0.6088174603174602,0.0,-0.0,0.0,0.0,140.0
16,6.967426207569636,1.0451139311354454,34.5679012345679,18.464672557862464,0.0,0.0,0.0,-0.0,0.0,0.0,0.0,0.0,1.7763568394002505e-15,-8.887318501296988,8.887318501296988,0.6063381000047666,0.0,-0.0,0.0,0.0,140.0
17,2.9674262075696367,0.4451139311354455,34.5679012345679,22.464672557862464,0.0,0.0,0.0,-0.0,0.0,0.0,0.0,0.0,0.0,-5.733564747543234,5.733564747543234,0.6105015968349302,0.0,-0.0,0.0,0.0,140.0
18,0.0,0.0,17.28395061728395,42.71604938271605,0.0,0.0,0.0,-0.0,0.0,0.0,0.0,0.0,0.0,-17.53003003003003,17.53003003003003,0.6080222365222366,0.0,-0.0,0.0,0.0,70.0
19,2.0,0.3,17.28395061728395,40.71604938271605,0.0,0.0,0.0,-0.0,0.0,0.0,0.0,0.0,0.0,-11.524324324324322,11.524324324324322,0.604318532818533,0.0,-0.0,0.0,0.0,70.0
20,0.0,0.0,25.925925925925927,34.074074074074076,0.0,0.0,0.0,-0.0,0.0,0.0,0.0,0.0,0.0,-7.1246246246246265,7.1246246246246265,0.6039362576862578,0.0,-0.0,0.0,0.0,105.0
21,0.0,0.0,25.925925925925927,34.074074074074076,0.0,0.0,0.0,-0.0,0.0,0.0,0.0,0.0,0.0,-4.271771771771771,4.271771771771771,0.5983807021307023,0.0,-0.0,0.0,0.0,105.0
22,0.0,0.0,25.925925925925927,34.074074074074076,0.0,0.0,0.0,-0.0,0.0,0.0,0.0,0.0,0.0,-5.022522522522522,5.022522522522522,0.5928251465751467,0.0,-0.0,0.0,0.0,105.0
23,0.0,0.0,25.925925925925927,34.074074074074076,0.0,0.0,0.0,-0.0,0.0,0.0,0.0,0.0,0.0,-0.9684684684684726,0.9684684684684726,0.5872695910195912,0.0,-0.0,0.0,0.0,105.0
24,0.0,0.0,25.925925925925927,34.074074074074076,0.0,0.0,0.0,-0.0,0.0,1.5840840840840844,0.0,0.0,0.0,1.5840840840840844,0.0,0.5817140354640357,0.0,-0.0,0.0,0.0,105.0
25,4.0,0.6,17.28395061728395,38.71604938271605,0.0,0.0,0.0,-0.0,0.0,0.0,0.0,0.0,1.3322676295501878e-15,-2.3654654654654657,2.3654654654654657,0.5761584799084801,0.0,-0.0,0.0,0.0,70.0
26,1.8623354537332992,0.2793503180599949,17.28395061728395,40.85371392898275,0.0,0.0,0.0,-0.0,0.0,0.0,0.0,0.0,3.3306690738754696e-16,-0.43386289515321863,0.43386289515321863,0.5790976333476335,0.0,-0.0,0.0,0.0,70.0
27,0.0,0.0,17.28395061728395,42.71604938271605,0.0,0.0,0.0,-0.0,0.0,0.0,0.0,0.0,0.0,-0.8633633633633657,0.8633633633633657,0.5784867367367369,0.0,-0.0,0.0,0.0,70.0
28,0.0,0.0,17.28395061728395,42.71604938271605,0.0,0.0,0.0,-0.0,0.0,0.18768768768768673,0.0,0.0,0.0,0.18768768768768673,0.0,0.5747830330330332,0.0,-0.0,0.0,0.0,70.0
29,4.0,0.6,17.28395061728395,38.71604938271605,0.0,0.0,0.0,-0.0,0.0,0.0,0.0,4.440892098500626e-16,0.0,-3.266366366366368,3.266366366366368,0.5710793293293296,0.0,-0.0,0.0,0.0,70.0
30,8.0,1.2,8.641975308641975,43.358024691358025,0.0,0.0,0.0,-0.0,0.0,0.0,0.0,8.881784197001252e-16,0.0,-5.714414414414415,5.714414414414415,0.574018482768483,0.0,-0.0,0.0,0.0,35.0
31,10.756756756756761,1.6135135135135141,8.641975308641975,40.60126793460127,0.0,0.0,0.0,-0.0,0.0,0.0,0.0,0.0,0.0,-7.553153153153154,7.553153153153154,0.5854523452023455,0.0,-0.0,0.0,0.0,35.0
32,14.756756756756761,2.213513513513514,8.641975308641975,36.60126793460127,0.0,0.0,0.0,-0.0,0.0,0.0,0.0,0.0,8.881784197001252e-16,-6.953153153153153,6.953153153153153,0.6014643929643932,0.0,-0.0,0.0,0.0,35.0
33,10.756756756756761,1.6135135135135141,8.641975308641975,40.60126793460127,0.0,0.0,0.0,-0.0,0.0,0.0,0.0,0.0,0.0,-5.901501501501501,5.901501501501501,0.6241192978692982,0.0,-0.0,0.0,0.0,35.0
34,6.756756756756761,1.013513513513514,17.28395061728395,35.95929262595929,0.0,0.0,0.0,-0.0,0.0,0.0,0.0,0.0,0.0,0.0,-0.0,0.640131345631346,0.0,-0.0,0.0,0.0,70.0
35,5.7557557557557715,0.8633633633633657,17.28395061728395,36.96029362696028,0.0,0.0,0.0,-0.0,0.0,0.0,0.0,0.0,0.0,0.0,-0.0,0.6476486843986847,0.0,-0.0,0.0,0.0,70.0
36,9.755755755755771,1.4633633633633656,17.28395061728395,32.96029362696028,0.0,0.0,0.0,-0.0,0.0,0.0,0.0,2.220446049250313e-16,0.0,-1.6522522522522518,1.6522522522522518,0.6535036465036469,0.0,-0.0,0.0,0.0,70.0
37,10.0,1.5,17.28395061728395,32.71604938271605,0.0,0.0,0.0,0.0,2.220446049250313e-16,0.0,0.0,0.0,0.0,-5.66966966966967,5.66966966966967,0.6660014657514661,0.0,-0.0,0.0,0.0,70.0
38,14.0,2.1,17.28395061728395,28.71604938271605,0.0,0.0,0.0,0.0,4.440892098500626e-16,0.0,0.0,1.7763568394002505e-15,0.0,-10.730330330330332,10.730330330330332,0.6789049049049053,4.999999999999998,0.0,4.999999999999998,4.999999999999998,70.0
39,15.999999999999917,2.3999999999999875,17.28395061728395,26.716049382716136,0.0,0.0,0.8999999999999875,0.0,0.8999999999999875,0.0,0.0,0.0,0.0,-8.927927927927929,8.927927927927929,0.6984512012012016,4.100000000000012,0.0,4.100000000000012,4.100000000000012,70.0
40,11.999999999999917,1.7999999999999874,17.28395061728395,30.716049382716136,0.0,0.0,0.8999999999999875,0.0,0.8999999999999875,0.0,0.0,1.3322676295501878e-15,0.0,-2.170570570570572,2.170570570570572,0.7213189260689263,4.100000000000013,0.0,4.100000000000013,4.100000000000013,70.0
41,7.9999999999999165,1.1999999999999875,17.28395061728395,34.716049382716136,0.0,0.0,0.8999999999999875,0.0,0.8999999999999875,0.0,0.0,0.0,6.661338147750939e-16,-1.4192192192192223,1.4192192192192223,0.7375437937937939,4.100000000000013,0.0,4.100000000000013,4.100000000000013,70.0
42,3.9999999999999165,0.5999999999999874,25.925925925925927,30.07407407407416,0.0,0.0,0.5999999999999874,0.0,0.5999999999999874,1.4333333333333194,0.5999999999999874,0.0,0.5999999999999872,1.4333333333333194,0.0,0.7471258043758044,0.0,-0.0,0.0,0.0,105.0
43,4.0,0.6,25.925925925925927,30.074074074074076,0.0,0.0,0.0,-0.0,0.0,0.0,0.0,0.0,1.4432899320127035e-15,-0.969069069069068,0.969069069069068,0.7482131059631059,0.0,-0.0,0.0,0.0,105.0
44,8.0,1.2,25.925925925925927,26.074074074074076,0.0,0.0,0.0,-0.0,0.0,0.0,0.0,6.661338147750939e-16,0.0,-0.6693693693693703,0.6693693693693703,0.7493004075504075,0.0,-0.0,0.0,0.0,105.0
45,4.454454454454459,0.6681681681681688,25.925925925925927,29.619619619619616,0.0,0.0,0.0,-0.0,0.0,0.0,0.0,0.0,0.0,0.0,-0.0,0.7570305662805663,0.0,-0.0,0.0,0.0,105.0
46,5.45545545545546,0.8183183183183189,25.925925925925927,28.618618618618616,0.0,0.0,0.0,-0.0,0.0,0.0,0.0,0.0,0.0,0.0,-0.0,0.758872586872587,0.0,-0.0,0.0,0.0,105.0
47,4.0,0.6,25.925925925925927,30.074074074074076,0.0,0.0,0.0,-0.0,0.0,0.0,0.0,0.0,1.3322676295501878e-15,-1.4195195195195183,1.4195195195195183,0.7623769841269843,0.0,-0.0,0.0,0.0,105.0
48,6.0,0.8999999999999999,25.925925925925927,28.074074074074076,0.0,0.0,0.9,0.0,0.8999999999999999,10.037537537537537,0.0,0.0,0.0,10.037537537537537,0.0,0.7634642857142859,4.1,0.0,4.1,4.1,105.0
49,6.0,0.8999999999999999,25.925925925925927,28.074074074074076,0.0,0.0,0.9,0.0,0.8999999999999999,8.385885885885884,0.0,0.0,0.0,8.385885885885884,0.0,0.767873015873016,4.1,0.0,4.1,4.1,105.0
50,6.0,0.8999999999999999,25.925925925925927,28.074074074074076,0.0,0.0,0.9,0.0,0.8999999999999999,12.28978978978979,0.0,0.0,0.0,12.28978978978979,0.0,0.7722817460317464,4.1,0.0,4.1,4.1,105.0
51,4.0,0.6,34.5679012345679,21.4320987654321,0.0,0.0,0.6,0.0,0.6,15.74024024024024,0.0,0.0,0.0,15.74024024024024,0.0,0.7766904761904765,2.4,0.0,2.4,2.4,140.0
52,0.0,0.0,34.5679012345679,25.4320987654321,0.0,0.0,0.0,-0.0,0.0,17.388888888888886,0.0,0.0,0.0,17.388888888888886,0.0,0.7759259259259264,0.0,-0.0,0.0,0.0,140.0
53,0.0,0.0,34.5679012345679,25.4320987654321,0.0,0.0,0.0,-0.0,0.0,17.08858858858859,0.0,0.0,0.0,17.08858858858859,0.0,0.7685185185185188,0.0,-0.0,0.0,0.0,140.0
54,0.0,0.0,34.5679012345679,25.4320987654321,0.0,0.0,0.0,-0.0,0.0,23.24174174174174,0.0,0.0,0.0,23.24174174174174,0.0,0.7611111111111115,0.0,-0.0,0.0,0.0,140.0
55,0.0,0.0,34.5679012345679,25.4320987654321,0.0,0.0,0.0,-0.0,0.0,28.644144144144143,0.0,0.0,0.0,28.644144144144143,0.0,0.753703703703704,0.0,-0.0,0.0,0.0,140.0
56,0.0,0.0,34.5679012345679,25.4320987654321,0.0,0.0,0.0,-0.0,0.0,31.346846846846844,0.0,0.0,0.0,31.346846846846844,0.0,0.7462962962962967,0.0,-0.0,0.0,0.0,140.0
57,0.0,0.0,34.5679012345679,25.4320987654321,0.0,0.0,0.0,-0.0,0.0,31.94744744744745,0.0,0.0,0.0,31.94744744744745,0.0,0.7388888888888892,0.0,-0.0,0.0,0.0,140.0
58,0.0,0.0,34.5679012345679,25.4320987654321,0.0,0.0,0.0,-0.0,0.0,35.9984984984985,0.0,0.0,0.0,35.9984984984985,0.0,0.7314814814814818,0.0,-0.0,0.0,0.0,140.0
59,0.0,0.0,34.5679012345679,25.4320987654321,0.0,0.0,0.0,-0.0,0.0,34.1966966966967,0.0,0.0,0.0,34.1966966966967,0.0,0.7240740740740743,0.0,-0.0,0.0,0.0,140.0
60,0.0,0.0,34.5679012345679,25.4320987654321,0.0,0.0,0.0,-0.0,0.0,35.247747747747745,0.0,0.0,0.0,35.247747747747745,0.0,0.716666666666667,0.0,-0.0,0.0,0.0,140.0
61,0.0,0.0,34.5679012345679,25.4320987654321,0.0,0.0,0.0,-0.0,0.0,32.9954954954955,0.0,0.0,0.0,32.9954954954955,0.0,0.7092592592592595,0.0,-0.0,0.0,0.0,140.0
62,0.0,0.0,34.5679012345679,25.4320987654321,0.0,0.0,0.0,-0.0,0.0,34.19369369369369,0.0,0.0,0.0,34.19369369369369,0.0,0.7018518518518522,0.0,-0.0,0.0,0.0,140.0
63,0.0,0.0,34.5679012345679,25.4320987654321,0.0,0.0,0.0,-0.0,0.0,36.145645645645644,0.0,0.0,0.0,36.145645645645644,0.0,0.6944444444444448,0.0,-0.0,0.0,0.0,140.0
64,0.0,0.0,34.5679012345679,25.4320987654321,0.0,0.0,0.0,-0.0,0.0,34.493993993993996,0.0,0.0,0.0,34.493993993993996,0.0,0.6870370370370373,0.0,-0.0,0.0,0.0,140.0
65,0.0,0.0,34.5679012345679,25.4320987654321,0.0,0.0,0.0,-0.0,0.0,34.94444444444444,0.0,0.0,0.0,34.94444444444444,0.0,0.6796296296296299,0.0,-0.0,0.0,0.0,140.0
66,0.0,0.0,34.5679012345679,25.4320987654321,0.0,0.0,0.0,-0.0,0.0,31.343843843843842,0.0,0.0,0.0,31.343843843843842,0.0,0.6722222222222225,0.0,-0.0,0.0,0.0,140.0
67,0.0,0.0,34.5679012345679,25.4320987654321,0.0,0.0,0.0,-0.0,0.0,32.6951951951952,0.0,0.0,0.0,32.6951951951952,0.0,0.6648148148148151,0.0,-0.0,0.0,0.0,140.0
68,0.0,0.0,34.5679012345679,25.4320987654321,0.0,0.0,0.0,-0.0,0.0,34.94444444444444,0.0,0.0,0.0,34.94444444444444,0.0,0.6574074074074077,0.0,-0.0,0.0,0.0,140.0
69,0.0,0.0,34.5679012345679,25.4320987654321,0.0,0.0,0.0,-0.0,0.0,35.0945945945946,0.0,0.0,0.0,35.0945945945946,0.0,0.6500000000000002,0.0,-0.0,0.0,0.0,140.0
70,0.0,0.0,34.5679012345679,25.4320987654321,0.0,0.0,0.0,-0.0,0.0,36.5960960960961,2.9999999999999982,0.0,3.0,36.5960960960961,0.0,0.6425925925925928,0.0,-0.0,0.0,0.0,140.0
71,0.0,0.0,34.5679012345679,25.4320987654321,0.0,0.0,0.0,-0.0,0.0,40.7972972972973,2.9999999999999987,0.0,3.0,40.7972972972973,0.0,0.6351851851851854,0.0,-0.0,0.0,0.0,140.0
72,0.0,0.0,34.5679012345679,25.4320987654321,0.0,0.0,0.0,-0.0,0.0,39.2957957957958,2.9999999999999973,0.0,3.0,39.2957957957958,0.0,0.627777777777778,0.0,-0.0,0.0,0.0,140.0
73,0.0,0.0,34.5679012345679,25.4320987654321,0.0,0.0,0.0,-0.0,0.0,36.893393393393396,2.9999999999999973,0.0,3.0,36.893393393393396,0.0,0.6203703703703706,0.0,-0.0,0.0,0.0,140.0
74,0.0,0.0,34.5679012345679,25.4320987654321,0.0,0.0,0.0,-0.0,0.0,35.54504504504504,0.0,0.0,0.0,35.54504504504504,0.0,0.6129629629629632,0.0,-0.0,0.0,0.0,140.0
75,0.0,0.0,34.5679012345679,25.4320987654321,0.0,0.0,0.0,-0.0,0.0,32.84234234234234,0.0,0.0,0.0,32.84234234234234,0.0,0.6055555555555557,0.0,-0.0,0.0,0.0,140.0
76,0.0,0.0,34.5679012345679,25.4320987654321,0.0,0.0,0.0,-0.0,0.0,32.992492492492495,0.0,0.0,0.0,32.992492492492495,0.0,0.5981481481481483,0.0,-0.0,0.0,0.0,140.0
77,0.0,0.0,34.5679012345679,25.4320987654321,0.0,0.0,0.0,-0.0,0.0,33.44294294294294,0.0,0.0,0.0,33.44294294294294,0.0,0.5907407407407409,0.0,-0.0,0.0,0.0,140.0
78,0.0,0.0,34.5679012345679,25.4320987654321,0.0,0.0,0.0,-0.0,0.0,30.13963963963964,0.0,0.0,0.0,30.13963963963964,0.0,0.5833333333333335,0.0,-0.0,0.0,0.0,140.0
79,0.0,0.0,34.5679012345679,25.4320987654321,0.0,0.0,0.0,-0.0,0.0,32.091591591591595,0.0,0.0,0.0,32.091591591591595,0.0,0.5759259259259261,0.0,-0.0,0.0,0.0,140.0
80,0.0,0.0,34.5679012345679,25.4320987654321,0.0,0.0,0.0,-0.0,0.0,32.091591591591595,2.9999999999999982,0.0,3.0000000000000036,32.091591591591595,0.0,0.5685185185185186,0.0,-0.0,0.0,0.0,140.0
81,0.0,0.0,34.5679012345679,25.4320987654321,0.0,0.0,0.0,-0.0,0.0,25.785285285285283,3.0000000000000018,0.0,3.0,25.785285285285283,0.0,0.5611111111111112,0.0,-0.0,0.0,0.0,140.0
82,0.0,0.0,34.5679012345679,25.4320987654321,0.0,0.0,0.0,-0.0,0.0,17.527027027027025,2.9999999999999964,0.0,3.0,17.527027027027025,0.0,0.5537037037037038,0.0,-0.0,0.0,0.0,140.0
83,0.0,0.0,34.5679012345679,25.4320987654321,0.0,0.0,0.0,-0.0,0.0,12.875375375375373,3.0,0.0,3.0,12.875375375375373,0.0,0.5462962962962964,0.0,-0.0,0.0,0.0,140.0
84,0.0,0.0,34.5679012345679,25.4320987654321,0.0,0.0,0.0,-0.0,0.0,7.178678678678679,0.0,0.0,0.0,7.178678678678679,0.0,0.538888888888889,0.0,-0.0,0.0,0.0,140.0
85,0.0,0.0,34.5679012345679,25.4320987654321,0.0,0.0,0.0,-0.0,0.0,16.03753753753754,0.0,0.0,0.0,16.03753753753754,0.0,0.5314814814814816,0.0,-0.0,0.0,0.0,140.0
86,0.0,0.0,34.5679012345679,25.4320987654321,0.0,0.0,0.0,-0.0,0.0,12.436936936936936,0.0,0.0,0.0,12.436936936936936,0.0,0.5240740740740741,0.0,-0.0,0.0,0.0,140.0
87,0.0,0.0,34.5679012345679,25.4320987654321,0.0,0.0,0.0,-0.0,0.0,5.983483483483482,0.0,0.0,0.0,5.983483483483482,0.0,0.5166666666666667,0.0,-0.0,0.0,0.0,140.0
88,0.0,0.0,34.5679012345679,25.4320987654321,0.0,0.0,0.0,-0.0,0.0,6.584084084084084,0.0,0.0,0.0,6.584084084084084,0.0,0.5092592592592593,0.0,-0.0,0.0,0.0,140.0
89,0.0,0.0,34.5679012345679,25.4320987654321,0.0,0.0,0.0,-0.0,0.0,8.686186186186186,0.0,0.0,0.0,8.686186186186186,0.0,0.5018518518518519,0.0,-0.0,0.0,0.0,140.0
90,0.0,0.0,34.5679012345679,25.4320987654321,0.0,0.0,0.0,-0.0,0.0,8.082582582582582,0.0,0.0,0.0,8.082582582582582,0.0,0.4944444444444445,0.0,-0.0,0.0,0.0,140.0
91,0.0,0.0,34.5679012345679,25.4320987654321,0.0,0.0,0.0,-0.0,0.0,9.283783783783782,0.0,0.0,0.0,9.283783783783782,0.0,0.4870370370370371,0.0,-0.0,0.0,0.0,140.0
92,0.0,0.0,34.5679012345679,25.4320987654321,0.0,0.0,0.0,-0.0,0.0,17.39189189189189,0.0,0.0,0.0,17.39189189189189,0.0,0.4796296296296297,0.0,-0.0,0.0,0.0,140.0
93,0.0,0.0,34.5679012345679,25.4320987654321,0.0,0.0,0.0,-0.0,0.0,21.596096096096097,0.0,0.0,0.0,21.596096096096097,0.0,0.47222222222222227,0.0,-0.0,0.0,0.0,140.0
94,0.0,0.0,34.5679012345679,25.4320987654321,0.0,0.0,0.0,-0.0,0.0,19.046546546546548,0.0,0.0,0.0,19.046546546546548,0.0,0.46481481481481485,0.0,-0.0,0.0,0.0,140.0
95,0.0,0.0,34.5679012345679,25.4320987654321,0.0,0.0,0.0,-0.0,0.0,19.196696696696698,0.0,0.0,0.0,19.196696696696698,0.0,0.45740740740740743,0.0,-0.0,0.0,0.0,140.0
96,,,,,0.0,0.0,,,,,,,,,,0.45,,,,,
