t,hour,lambda_ship_per_hour,expected_ship_count_per_period,previous_day_arrival_count,current_day_arrival_count,next_day_arrival_count
0,0,0.26187196013153774,0.065467990032884435,0,0,0
1,0.25,0.25611683819535769,0.064029209548839422,1,0,0
2,0.5,0.25010399695848534,0.062525999239621335,0,0,0
3,0.75,0.24397998530033796,0.06099499632508449,0,0,0
4,1,0.23792405917928142,0.059481014794820354,0,0,0
5,1.25,0.23214555082198635,0.058036387705496587,0,0,0
6,1.5,0.22687963617232462,0.056719909043081156,0,0,0
7,1.75,0.22238174005901873,0.055595435014754682,1,0,0
8,2,0.21892093106980032,0.054730232767450079,0,0,0
9,2.25,0.21677272033601999,0.054193180084004998,0,0,0
10,2.5,0.21621167527024804,0.05405291881756201,0,0,0
11,2.75,0.21750418555008405,0.054376046387521013,1,0,0
12,3,0.22090158169078378,0.055225395422695944,0,0,0
13,3.25,0.22663362723138952,0.056658406807847381,0,0,0
14,3.5,0.23490221659047439,0.058725554147618597,0,0,0
15,3.75,0.24587495249884006,0.061468738124710015,0,0,0
16,4,0.25967819144160681,0.064919547860401702,0,0,0
17,4.25,0.27638916818317466,0.069097292045793665,0,0,0
18,4.5,0.29602696225062169,0.074006740562655424,0,0,0
19,4.75,0.31854235017569871,0.079635587543924677,0,0,0
20,5,0.34380697232364843,0.085951743080912107,0,1,0
21,5.25,0.37160268236765076,0.09290067059191269,0,0,0
22,5.5,0.40161237084745044,0.10040309271186261,0,0,0
23,5.75,0.43341388078483661,0.10835347019620915,0,0,1
24,6,0.46647878374127799,0.1166196959353195,0,0,0
25,6.25,0.50017769570272397,0.12504442392568099,0,0,0
26,6.5,0.53379344991032995,0.13344836247758249,0,0,0
27,6.75,0.5665428138607862,0.14163570346519655,0,0,0
28,7,0.59760658967593228,0.14940164741898307,0,0,0
29,7.25,0.6261669614740355,0.15654174036850887,0,0,0
30,7.5,0.65144997173288599,0.1628624929332215,0,0,0
31,7.75,0.67277015674655694,0.16819253918663923,0,0,0
32,8,0.68957377889842664,0.17239344472460666,0,0,0
33,8.25,0.70147686328862524,0.17536921582215631,0,0,0
34,8.5,0.70829443602577635,0.17707360900644409,1,1,1
35,8.75,0.71005797268710946,0.17751449317177737,0,0,0
36,9,0.70701904065575227,0.17675476016393807,0,0,0
37,9.25,0.69963834892808285,0.17490958723202071,0,0,0
38,9.5,0.68856075780288761,0.1721401894507219,0,1,0
39,9.75,0.67457808791907492,0.16864452197976873,0,0,0
40,10,0.65858265145645611,0.16464566286411403,0,0,0
41,10.25,0.64151518663755214,0.16037879665938803,0,0,0
42,10.5,0.62431123563348079,0.1560778089083702,0,0,0
43,10.75,0.60784994651752511,0.15196248662938128,0,0,0
44,11,0.59290883745206469,0.14822720936301617,0,0,0
45,11.25,0.58012731662042982,0.14503182915510746,0,0,1
46,11.5,0.5699808153169813,0.14249520382924533,0,0,0
47,11.75,0.56276638642129251,0.14069159660532313,0,0,0
48,12,0.55859966185709309,0.13964991546427327,0,1,0
49,12.25,0.55742224452618361,0.1393555611315459,0,0,0
50,12.5,0.55901799512008865,0.13975449878002216,0,0,0
51,12.75,0.56303628960327512,0.14075907240081878,1,1,0
52,13,0.56902016362819519,0.1422550409070488,0,2,1
53,13.25,0.57643729411986222,0.14410932352996556,0,0,0
54,13.5,0.58471194736065002,0.1461779868401625,0,1,0
55,13.75,0.59325629186423268,0.14831407296605817,1,1,0
56,14,0.60149977996785942,0.15037494499196485,0,0,0
57,14.25,0.60891560000976419,0.15222890000244105,0,0,0
58,14.5,0.6150434596775598,0.15376086491938995,0,1,0
59,14.75,0.61950816351115667,0.15487704087778917,0,0,0
60,15,0.62203359048743778,0.15550839762185945,0,0,0
61,15.25,0.62245177019646714,0.15561294254911678,0,0,0
62,15.5,0.62070681718797382,0.15517670429699346,1,1,0
63,15.75,0.61685353832494583,0.15421338458123646,0,0,0
64,16,0.61105060663629296,0.15276265165907324,0,0,0
65,16.25,0.60354832589467666,0.15088708147366917,0,0,0
66,16.5,0.59467121619467822,0.14866780404866956,0,0,1
67,16.75,0.58479594425020343,0.14619898606255086,0,0,0
68,17,0.57432549803670729,0.14358137450917682,0,1,0
69,17.25,0.56366093709608911,0.14091523427402228,0,0,0
70,17.5,0.55317248698956534,0.13829312174739133,0,0,0
71,17.75,0.54317211779740282,0.13579302944935071,1,1,3
72,18,0.53388996856012427,0.13347249214003107,0,0,0
73,18.25,0.52545697022009707,0.13136424255502427,0,0,0
74,18.5,0.51789571693414715,0.12947392923353679,1,0,0
75,18.75,0.51112101611389271,0.12778025402847318,0,0,0
76,19,0.50495064085430896,0.12623766021357724,1,0,0
77,19.25,0.49912570307966836,0.12478142576991709,0,0,0
78,19.5,0.49333890280887477,0.12333472570221869,0,0,0
79,19.75,0.48726786247983217,0.12181696561995804,1,0,0
80,20,0.48061000228026168,0.12015250057006542,0,0,0
81,20.25,0.47311509783100492,0.11827877445775123,0,0,0
82,20.5,0.46461186596281873,0.11615296649070468,2,0,0
83,20.75,0.45502564254965339,0.11375641063741335,0,0,0
84,21,0.44438535280090652,0.11109633820022663,0,0,0
85,21.25,0.43281935741025457,0.10820483935256364,0,0,0
86,21.5,0.42054117085869103,0.10513529271467276,0,0,0
87,21.75,0.40782727046308298,0.10195681761577075,0,0,0
88,22,0.39499006404108561,0.098747516010271402,0,0,0
89,22.25,0.38234944936581028,0.09558736234145257,1,0,1
90,22.5,0.37020625787879113,0.092551564469697783,0,2,0
91,22.75,0.35882029375764268,0.089705073439410671,0,0,0
92,23,0.34839479098322335,0.087098697745805836,0,0,0
93,23.25,0.3390680861931456,0.0847670215482864,0,0,0
94,23.5,0.33091231626461781,0.082728079066154453,1,0,0
95,23.75,0.32393813943299965,0.080984534858249912,0,0,0
