period,agv_charge_count,agv_charge_power_rt_mw,agv_container_count,agv_idle_count,agv_lohc_count,backlog,backlog_tasks,charge_deviation_mw,charge_deviation_negative_mw,charge_deviation_positive_mw,grid_buy_rt_mw,grid_deviation_mw,grid_deviation_negative_mw,grid_deviation_positive_mw,grid_rt_mw,grid_sell_rt_mw,hydrogen_inventory,hydrogen_inventory_kg,hydrogen_to_lohc_kg,lohc_deviation_mw,lohc_deviation_negative_mw,lohc_deviation_positive_mw,lohc_inventory,lohc_inventory_kg,lohc_outbound_kg,lohc_outbound_normalized,lohc_power_rt_mw,lohc_production_kg,soc,spill_deviation_mw,spill_deviation_negative_mw,spill_deviation_positive_mw,spill_rt_mw,task_done
0,4.00000000000001,0.6000000000000014,34.5679012345679,21.43209876543209,0.0,0.0,0.0,0.0,0.0,1.4432899320127035e-15,28.842893279468253,0.0,0.0,7.105427357601002e-15,28.842893279468253,0.0,0.5609756097560976,1150.0,87.75616291687375,0.0,-0.0,0.0,0.6476190476190476,680.0,0.0,0.0,0.8600103965853627,86.00103965853627,0.7,0.0,-0.0,0.0,0.0,140.0
1,0.0,0.0,34.5679012345679,25.4320987654321,0.0,0.0,0.0,0.0,-0.0,0.0,23.01766805424303,0.0,0.0,7.105427357601002e-15,23.01766805424303,0.0,0.5505502106496349,1128.6279318317515,87.75616291687375,0.0,-0.0,0.0,0.7295247996747964,766.0010396585362,0.0,0.0,0.8600103965853627,86.00103965853627,0.6992354497354497,0.0,-0.0,0.0,0.0,140.0
2,0.0,0.0,34.5679012345679,25.4320987654321,0.0,0.0,0.0,0.6,0.6,0.0,23.348648648648656,4.415665279090313,0.0,4.4156652790903195,23.348648648648656,0.0,0.5176378444278245,1061.15758107704,20.408163265306122,0.6600103965853628,0.6600103965853628,0.0,0.8114305517305452,852.0020793170725,0.0,0.0,0.2,20.0,0.6918280423280423,0.0,-0.0,0.0,0.0,140.0
3,0.0,0.0,34.5679012345679,25.4320987654321,0.0,0.0,0.0,0.0,-0.0,0.0,22.02732732732733,5.676325939750975,0.0,5.676325939750978,22.02732732732733,0.0,0.5248432249048669,1075.9286110549772,20.408163265306122,0.6600103965853628,0.6600103965853628,0.0,0.8304781707781643,872.0020793170726,0.0,0.0,0.2,20.0,0.6844206349206349,0.0,-0.0,0.0,0.0,140.0
4,0.0,0.0,34.5679012345679,25.4320987654321,0.0,0.0,0.0,0.6,0.6,0.0,26.772072072072074,2.7039535673785986,0.0,2.7039535673785977,26.772072072072074,0.0,0.5385621109850736,1104.0523275194007,20.408163265306122,0.6600103965853628,0.6600103965853628,0.0,0.8495257898257834,892.0020793170726,0.0,0.0,0.2,20.0,0.6770132275132275,0.0,-0.0,0.0,0.0,140.0
5,0.0,0.0,34.5679012345679,16.4097502994151,9.022348466017,0.0,0.0,0.0,-0.0,0.0,25.751051051051057,3.8144640778891103,0.0,3.8144640778891166,25.751051051051057,0.0,0.5550367109743112,1137.8252574973378,20.408163265306122,0.6600103965853628,0.6600103965853628,0.0,0.8685734088734025,912.0020793170727,57.517471470858375,0.05477854425796036,0.2,20.0,0.66960582010582,0.0,-0.0,0.0,0.0,140.0
6,0.0,0.0,34.5679012345679,25.4320987654321,0.0,0.0,0.0,0.6,0.6,0.0,24.429729729729736,3.8751247385497694,0.0,3.8751247385497756,24.429729729729736,0.0,0.5616157928356648,1151.3123753131129,20.408163265306122,0.6600103965853628,0.6600103965853628,0.0,0.8328424836630612,874.4846078462143,0.0,0.0,0.2,20.0,0.6602650523128375,0.0,-0.0,0.0,0.0,140.0
7,0.0,0.0,34.5679012345679,25.4320987654321,0.0,0.0,0.0,0.0,-0.0,0.0,20.048348348348352,5.165815429240461,0.0,5.165815429240467,20.048348348348352,0.0,0.5703242899903606,1169.1647944802392,20.408163265306122,0.6600103965853628,0.6600103965853628,0.0,0.8518901027106803,894.4846078462143,0.0,0.0,0.2,20.0,0.6528576449054301,0.0,-0.0,0.0,0.0,140.0
8,0.0,0.0,34.5679012345679,25.4320987654321,0.0,0.0,0.0,0.0,-0.0,0.0,20.348648648648656,5.015665279090315,0.0,5.015665279090321,20.348648648648656,0.0,0.5817885010540873,1192.666427160879,20.408163265306122,0.6600103965853628,0.6600103965853628,0.0,0.8709377217582994,914.4846078462144,0.0,0.0,0.2,20.0,0.6454502374980227,0.0,-0.0,0.0,0.0,140.0
9,0.0,0.0,34.5679012345679,25.4320987654321,0.0,0.0,0.0,0.03998960341464084,0.03998960341464084,0.0,15.123423423423418,7.58828828828828,0.0,7.588288288288284,15.123423423423418,0.0,0.5961336857499828,1222.0740557874649,20.408163265306122,0.6600103965853628,0.6600103965853628,0.0,0.8899853408059185,934.4846078462144,0.0,0.0,0.2,20.0,0.6380428300906152,0.0,-0.0,0.0,0.0,140.0
10,0.0,0.0,34.5679012345679,25.4320987654321,0.0,0.0,0.0,0.6399896034146408,0.6399896034146408,0.0,8.699999999999996,8.699999999999992,0.0,8.699999999999996,8.699999999999996,0.0,0.6098525718301895,1250.1977722518884,20.408163265306122,0.6600103965853628,0.6600103965853628,0.0,0.9090329598535376,954.4846078462144,0.0,0.0,0.2,20.0,0.6306354226832078,0.0,-0.0,0.0,0.0,140.0
11,0.0,0.0,34.5679012345679,25.4320987654321,0.0,0.0,0.0,0.03998960341464084,0.03998960341464084,0.0,9.540840840840843,8.87957957957958,0.0,8.879579579579579,9.540840840840843,0.0,0.6344690538233823,1300.6615603379337,20.408163265306122,0.6600103965853628,0.6600103965853628,0.0,0.9280805789011567,974.4846078462145,0.0,0.0,0.2,20.0,0.6232280152758004,0.0,-0.0,0.0,0.0,140.0
12,0.0,0.0,34.5679012345679,7.105427357601002e-15,25.432098765432094,0.0,0.0,0.0,-0.0,0.0,12.666966966966974,5.856506119931155,0.0,5.856506119931161,12.666966966966974,0.0,0.6662253400354281,1365.7619470726277,20.408163265306122,0.6600103965853628,0.6600103965853628,0.0,0.9471281979487758,994.4846078462145,162.1296296296296,0.1544091710758377,0.2,20.0,0.615820607868393,0.0,-0.0,0.0,0.0,140.0
13,0.0,0.0,34.5679012345679,25.4320987654321,0.0,0.0,0.0,0.0,-0.0,0.0,15.97027027027027,4.204854468279501,0.0,4.2048544682795,15.97027027027027,0.0,0.6962279901235451,1427.2673797532675,20.408163265306122,0.6600103965853628,0.6600103965853628,0.0,0.8117666459205571,852.354978216585,0.0,0.0,0.2,20.0,0.6029634650112501,0.0,-0.0,0.0,0.0,140.0
14,2.0000000000000018,0.30000000000000027,34.5679012345679,5.329070518200751e-15,23.432098765432094,0.0,0.0,0.0,-0.0,0.0,13.957307693882665,0.0,0.0,5.329070518200751e-15,13.957307693882665,0.0,0.7134541484516094,1462.5810043257993,87.75616291687375,0.0,-0.0,0.0,0.8308142649681762,872.3549782165851,149.3796296296296,0.14226631393298056,0.8600103965853627,86.00103965853627,0.5955560576038427,0.0,-0.0,0.0,0.0,140.0
15,6.000000000000002,0.9000000000000002,34.5679012345679,19.4320987654321,0.0,0.0,0.0,0.0,-0.0,0.0,8.764514901089868,0.0,1.7763568394002505e-15,0.0,8.764514901089868,0.0,0.690938339250234,1416.4235954629796,87.75616291687375,0.0,-0.0,0.0,0.7704537030909445,808.9763882454918,0.0,0.0,0.8600103965853627,86.00103965853627,0.5864489147466998,0.0,-0.0,0.0,0.0,140.0
16,10.000000000000002,1.5000000000000002,34.5679012345679,7.105427357601002e-15,15.432098765432093,0.0,0.0,0.0,-0.0,0.0,5.4005509371258995,0.0,3.552713678800501e-15,0.0,5.4005509371258995,0.0,0.6657920758629653,1364.873755519079,87.75616291687375,0.0,-0.0,0.0,0.8523594551466933,894.977427904028,98.37962962962959,0.09369488536155199,0.8600103965853627,86.00103965853627,0.5890057930535781,0.0,-0.0,0.0,0.0,140.0
17,14.000000000000002,2.1,34.5679012345679,7.105427357601002e-15,11.432098765432093,0.0,0.0,0.0,-0.0,0.0,8.252803189378156,0.0,0.0,1.7763568394002505e-15,8.252803189378156,0.0,0.6445288638929676,1321.2841709805837,87.75616291687352,0.0,2.220446049250313e-15,0.0,0.8405703218408902,882.5988379329347,72.87962962962959,0.0694091710758377,0.8600103965853605,86.00103965853604,0.5948986501964353,0.0,-0.0,0.0,0.0,140.0
18,18.0,2.6999999999999997,17.28395061728395,3.552713678800501e-15,24.716049382716047,0.0,0.0,0.0,-0.0,0.0,0.0,0.0,4.440892098500626e-16,0.0,-0.31801801801801943,0.31801801801801943,0.6287770797410319,1288.9930134691153,255.10204081632654,0.0,-0.0,0.0,0.8530669028208011,895.7202479618412,157.5648148148148,0.1500617283950617,2.5,250.0,0.6082915073392924,0.0,-0.0,0.0,0.0,70.0
19,14.000000000000002,2.1,17.28395061728395,28.71604938271605,0.0,0.0,0.0,0.0,-0.0,0.0,0.20540540540540775,0.0,0.0,6.106226635438361e-16,0.20540540540540775,0.0,0.5282616669499431,1082.9364172473834,20.408163265306122,0.0,-0.0,0.0,0.9411004125209775,988.1554331470264,0.0,0.0,0.2,20.0,0.6291843644821495,0.0,-0.0,0.0,0.0,70.0
20,13.748534237702357,2.0622801356553535,17.28395061728395,28.967515145013692,0.0,0.0,0.0,0.5622801356553535,0.0,0.5622801356553535,4.425225225225223,0.0,2.6645352591003757e-15,0.0,4.425225225225223,0.0,0.5433584099846652,1113.8847404685637,20.408163265306122,0.0,-0.0,0.0,0.9601480315685966,1008.1554331470264,0.0,0.0,0.2,20.0,0.6487306607784459,4.437719864344645,0.0,4.437719864344645,4.437719864344645,70.0
21,9.748534237702357,1.4622801356553534,17.28395061728395,1.7763568394002505e-15,32.96751514501369,0.0,0.0,0.5622801356553535,0.0,0.5622801356553535,5.5369369369369394,0.0,0.0,8.881784197001252e-16,5.5369369369369394,0.0,0.5536952835401521,1135.0753312573117,93.89028153309775,0.720124759024358,0.0,0.720124759024358,0.9791956506162157,1028.1554331470265,210.16790904946228,0.20015991338044026,0.920124759024358,92.0124759024358,0.6678593442909267,3.71759510532029,0.0,3.71759510532029,3.71759510532029,70.0
22,5.748534237702357,0.8622801356553534,17.28395061728395,36.96751514501369,0.0,0.0,0.0,0.5622801356553535,0.0,0.5622801356553535,4.486486486486488,0.0,0.0,1.7763568394002505e-15,4.486486486486488,0.0,0.5284377408015283,1083.297368643133,142.85714285714286,1.2,0.0,1.2,0.8666666666666667,910.0,0.0,0.0,1.4,140.0,0.6732807031294759,3.2377198643446463,0.0,3.2377198643446463,3.2377198643446463,70.0
23,1.7485342377023567,0.2622801356553535,17.28395061728395,1.7763568394002505e-15,40.96751514501369,0.0,0.0,0.2622801356553535,0.0,0.2622801356553535,6.6189189189189115,0.0,4.440892098500626e-15,0.0,6.6189189189189115,0.0,0.47691398950667946,977.6736784886929,142.85714285714286,1.2,0.0,1.2,1.0,1050.0,261.1679090494623,0.24873134195186886,1.4,140.0,0.6791236723562423,3.5377198643446457,0.0,3.5377198643446457,3.5377198643446457,70.0
24,0.0,0.0,25.925925925925927,34.074074074074076,0.0,0.0,0.0,0.0,-0.0,0.0,8.150450450450451,0.0,0.0,1.7763568394002505e-15,8.150450450450451,0.0,0.42601653682751944,873.3339004964149,20.408163265306122,0.0,-0.0,0.0,0.8846019913814644,928.8320909505377,0.0,0.0,0.2,20.0,0.6695450311947914,0.0,-0.0,0.0,0.0,105.0
25,0.0,0.0,17.28395061728395,42.71604938271605,0.0,0.0,0.0,0.0,-0.0,0.0,3.4207207207207215,0.0,0.0,8.881784197001252e-16,3.4207207207207215,0.0,0.43146828118063313,884.5099764202979,20.408163265306122,0.0,-0.0,0.0,0.9036496104290835,948.8320909505377,0.0,0.0,0.2,20.0,0.6639894756392358,0.0,-0.0,0.0,0.0,70.0
26,0.0,0.0,17.28395061728395,0.0,42.71604938271605,0.0,0.0,0.0,-0.0,0.0,4.772072072072072,0.0,0.0,0.0,4.772072072072072,0.0,0.4347906102404047,891.3207509928296,20.408163265306122,0.0,-0.0,0.0,0.9226972294767026,968.8320909505378,272.31481481481484,0.25934744268077603,0.2,20.0,0.6602857719355322,0.0,-0.0,0.0,0.0,70.0
27,0.0,0.0,17.28395061728395,0.0,42.71604938271605,0.0,0.0,0.0,-0.0,0.0,4.681981981981981,0.0,8.881784197001252e-16,0.0,4.681981981981981,0.0,0.43773716013076297,897.3611782680641,20.408163265306122,0.0,-0.0,0.0,0.6823974058435456,716.5172761357229,272.31481481481484,0.25934744268077603,0.2,20.0,0.6474286290783893,0.0,-0.0,0.0,0.0,70.0
28,3.333333333333332,0.4999999999999998,17.28395061728395,39.38271604938272,0.0,0.0,0.0,0.0,-0.0,0.0,5.812612612612613,0.0,0.0,0.0,5.812612612612613,0.0,0.43880481417405465,899.549869056812,20.408163265306122,0.0,-0.0,0.0,0.4420975822103886,464.202461320908,0.0,0.0,0.2,20.0,0.6345714862212464,0.0,-0.0,0.0,0.0,70.0
29,7.333333333333332,1.0999999999999999,17.28395061728395,35.38271604938272,0.0,0.0,0.0,0.0,-0.0,0.0,3.980180180180181,0.0,0.0,8.881784197001252e-16,3.980180180180181,0.0,0.4399977279404841,901.9953422779923,20.408163265306122,0.0,-0.0,0.0,0.4611452012580076,484.202461320908,0.0,0.0,0.2,20.0,0.6364034968032569,0.0,-0.0,0.0,0.0,70.0
30,11.333333333333332,1.6999999999999997,8.641975308641975,40.0246913580247,0.0,0.0,0.0,0.0,-0.0,0.0,0.7513513513513495,0.0,1.1102230246251565e-15,0.0,0.7513513513513495,0.0,0.44031382364494914,902.6433384721457,20.408163265306122,0.0,-0.0,0.0,0.48019282030562666,504.202461320908,0.0,0.0,0.2,20.0,0.6448783645281246,0.0,-0.0,0.0,0.0,35.0
31,15.333333333333332,2.3,8.641975308641975,36.0246913580247,0.0,0.0,0.0,0.0,-0.0,0.0,0.0,0.0,0.0,0.0,0.0,-0.0,0.444011931874134,910.2244603419747,20.408163265306122,0.0,-0.0,0.0,0.4992404393532457,524.202461320908,0.0,0.0,0.2,20.0,0.6618479412477014,0.0,-0.0,0.0,0.0,35.0
32,15.333333333333332,2.3,8.641975308641975,36.0246913580247,0.0,0.0,0.0,0.0,-0.0,0.0,0.0,0.0,0.0,0.0,0.0,-0.0,0.4460816637025279,914.4674105901821,20.408163265306122,0.0,-0.0,0.0,0.5182880584008648,544.202461320908,0.0,0.0,0.2,20.0,0.6854603751101352,0.0,-0.0,0.0,0.0,35.0
33,11.333333333333332,1.6999999999999997,8.641975308641975,40.0246913580247,0.0,0.0,0.0,0.0,-0.0,0.0,0.3909909909909892,0.0,1.1657341758564144e-15,0.0,0.3909909909909892,0.0,0.45003029137798833,922.562097324876,20.408163265306122,0.0,-0.0,0.0,0.5373356774484839,564.202461320908,0.0,0.0,0.2,20.0,0.7090728089725691,0.0,-0.0,0.0,0.0,35.0
34,7.333333333333333,1.0999999999999999,17.28395061728395,35.382716049382715,0.0,0.0,0.0,0.0,-0.0,0.0,5.691891891891894,0.0,0.0,8.881784197001252e-16,5.691891891891894,0.0,0.4539789190534488,930.65678405957,20.408163265306122,0.0,-0.0,0.0,0.556383296496103,584.2024613209081,0.0,0.0,0.2,20.0,0.7260423856921456,0.0,-0.0,0.0,0.0,70.0
35,3.3333333333333286,0.4999999999999993,17.28395061728395,39.38271604938272,0.0,0.0,0.0,0.0,4.996003610813204e-16,0.0,5.181981981981981,0.0,8.881784197001252e-16,0.0,5.181981981981981,0.0,0.4565496897743937,935.9268640375071,20.408163265306122,0.0,-0.0,0.0,0.575430915543722,604.2024613209081,0.0,0.0,0.2,20.0,0.7345172534170135,0.0,-0.0,0.0,0.0,70.0
36,0.0,0.0,17.28395061728395,42.71604938271605,0.0,0.0,0.0,0.0,-0.0,0.0,3.3306306306306297,0.0,0.0,8.881784197001252e-16,3.3306306306306297,0.0,0.4578678632639609,938.6291196911199,20.408163265306122,0.0,-0.0,0.0,0.5944785345913411,624.2024613209082,0.0,0.0,0.2,20.0,0.7363492639990239,0.0,-0.0,0.0,0.0,70.0
37,0.0,0.0,17.28395061728395,0.0,42.71604938271605,0.0,0.0,0.0,-0.0,0.0,0.8981981981981981,0.0,6.661338147750939e-16,0.0,0.8981981981981981,0.0,0.45906077703039033,941.0745929123002,20.408163265306122,0.0,-0.0,0.0,0.6135261536389602,644.2024613209082,272.31481481481484,0.25934744268077603,0.2,20.0,0.7326455602953204,0.0,-0.0,0.0,0.0,70.0
38,3.3213213213213018,0.4981981981981952,25.925925925925927,30.752752752752773,0.0,0.0,0.0,0.0,-0.0,0.0,0.0,0.0,3.552713678800501e-15,0.0,-3.552713678800501e-15,3.552713678800501e-15,0.46213258664388635,947.371802619967,20.408163265306122,0.0,-0.0,0.0,0.37322633000580324,391.8876465060934,0.0,0.0,0.2,20.0,0.7197884174381775,0.0,-0.0,0.0,0.0,105.0
39,0.0,0.0,25.925925925925927,0.0,34.074074074074076,0.0,0.0,0.0,-0.0,0.0,0.9432432432432449,0.0,0.0,2.886579864025407e-15,0.9432432432432449,0.0,0.4685864087821022,960.6021380033096,20.408163265306122,0.0,-0.0,0.0,0.3922739490534223,411.8876465060934,217.22222222222223,0.20687830687830688,0.2,20.0,0.7197486276483875,0.0,-0.0,0.0,0.0,105.0
40,4.0,0.6,25.925925925925927,30.074074074074076,0.0,0.0,0.0,0.0,-0.0,0.0,5.957657657657659,0.0,0.0,8.881784197001252e-16,5.957657657657659,0.0,0.4839336712630999,992.0640260893548,20.408163265306122,0.0,-0.0,0.0,0.20444326122273443,214.66542428387115,0.0,0.0,0.2,20.0,0.7068914847912446,0.0,-0.0,0.0,0.0,105.0
41,8.0,1.2,25.925925925925927,26.074074074074076,0.0,0.0,0.0,0.0,-0.0,0.0,7.368468468468464,0.0,1.7763568394002505e-15,0.0,7.368468468468464,0.0,0.4972767781738932,1019.4173952564811,20.408163265306122,0.0,-0.0,0.0,0.22349088027035346,234.66542428387115,0.0,0.0,0.2,20.0,0.7079787863785463,0.0,-0.0,0.0,0.0,105.0
42,12.0,1.7999999999999998,25.925925925925927,22.074074074074076,0.0,0.0,0.0,0.0,-0.0,0.0,9.5,0.0,0.0,0.0,9.5,0.0,0.5044821586509357,1034.1884252344182,20.408163265306122,0.0,-0.0,0.0,0.2425384993179725,254.66542428387112,0.0,0.0,0.2,20.0,0.7157089451087051,0.0,-0.0,0.0,0.0,105.0
43,8.0,1.2,25.925925925925927,26.074074074074076,0.0,0.0,0.0,0.0,-0.0,0.0,7.458558558558558,0.0,1.7763568394002505e-15,0.0,7.458558558558558,0.0,0.5105602016197383,1046.6484133204633,20.408163265306122,0.0,-0.0,0.0,0.26158611836559154,274.6654242838711,0.0,0.0,0.2,20.0,0.7300819609817208,0.0,-0.0,0.0,0.0,105.0
44,4.0,0.6,25.925925925925927,30.074074074074076,0.0,0.0,0.0,0.0,-0.0,0.0,6.67837837837838,0.0,0.0,2.6645352591003757e-15,6.67837837837838,0.0,0.5145088292951987,1054.7431000551574,20.408163265306122,0.0,-0.0,0.0,0.28063373741321057,294.6654242838711,0.0,0.0,0.2,20.0,0.7378121197118797,0.0,-0.0,0.0,0.0,105.0
45,0.0,0.0,25.925925925925927,34.074074074074076,0.0,0.0,0.0,0.0,-0.0,0.0,6.799099099099099,0.0,0.0,8.881784197001252e-16,6.799099099099099,0.0,0.5204616125408634,1066.94630570877,20.408163265306122,0.0,-0.0,0.0,0.2996813564608296,314.66542428387106,0.0,0.0,0.2,20.0,0.7388994212991813,0.0,-0.0,0.0,0.0,105.0
46,0.0,0.0,25.925925925925927,34.074074074074076,0.0,0.0,0.0,0.0,-0.0,0.0,6.709009009009009,0.0,8.881784197001252e-16,0.0,6.709009009009009,0.0,0.5266649152328038,1079.6630762272478,20.408163265306122,0.0,-0.0,0.0,0.31872897550844864,334.66542428387106,0.0,0.0,0.2,20.0,0.7333438657436258,0.0,-0.0,0.0,0.0,105.0
47,0.0,0.0,25.925925925925927,34.074074074074076,0.0,0.0,0.0,0.0,-0.0,0.0,5.988288288288288,0.0,0.0,8.881784197001252e-16,5.988288288288288,0.0,0.531866140139642,1090.325587286266,20.408163265306122,0.0,-0.0,0.0,0.3377765945560677,354.66542428387106,0.0,0.0,0.2,20.0,0.7277883101880702,0.0,-0.0,0.0,0.0,105.0
48,0.0,0.0,25.925925925925927,34.074074074074076,0.0,0.0,0.0,0.0,-0.0,0.0,15.22252252252252,0.0,1.7763568394002505e-15,0.0,15.22252252252252,0.0,0.5371926247696178,1101.2448807777166,142.85714285714286,1.2,0.0,1.2,0.3568242136036867,374.66542428387106,0.0,0.0,1.4,140.0,0.7222327546325147,3.7999999999999994,0.0,3.7999999999999994,3.7999999999999994,105.0
49,0.0,0.0,25.925925925925927,34.074074074074076,0.0,0.0,0.0,0.0,-0.0,0.0,14.23153153153153,0.0,0.0,0.0,14.23153153153153,0.0,0.4837899776277024,991.7694541367899,142.85714285714286,1.2,0.0,1.2,0.49015754693702,514.6654242838711,0.0,0.0,1.4,140.0,0.7166771990769591,3.7999999999999994,0.0,3.7999999999999994,3.7999999999999994,105.0
50,0.0,0.0,25.925925925925927,34.074074074074076,0.0,0.0,0.0,0.0,-0.0,0.0,16.573873873873872,0.0,3.552713678800501e-15,0.0,16.573873873873872,0.0,0.42450012349831173,870.2252531715391,142.85714285714286,1.2,0.0,1.2,0.6234908802703534,654.6654242838711,0.0,0.0,1.4,140.0,0.7111216435214036,3.800000000000001,0.0,3.800000000000001,3.800000000000001,105.0
51,4.0,0.6,34.5679012345679,21.4320987654321,0.0,0.0,0.0,0.6,0.0,0.6,19.84414414414414,0.0,3.552713678800501e-15,0.0,19.84414414414414,0.0,0.3665881263234365,751.5056589630449,142.85714285714286,1.2,0.0,1.2,0.7568242136036867,794.6654242838711,0.0,0.0,1.4,140.0,0.7055660879658481,1.1999999999999975,0.0,1.1999999999999975,1.1999999999999975,140.0
52,0.0,0.0,34.5679012345679,25.4320987654321,0.0,0.0,0.0,0.0,-0.0,0.0,25.03333333333333,3.0000000000000027,0.0,3.0,25.03333333333333,0.0,0.30541937634697924,626.1097215113075,20.408163265306122,0.0,-0.0,0.0,0.89015754693702,934.665424283871,0.0,0.0,0.2,20.0,0.7048015377012977,0.0,-0.0,0.0,0.0,140.0
53,0.0,0.0,34.5679012345679,25.4320987654321,0.0,0.0,0.0,0.0,-0.0,0.0,24.853153153153155,2.999999999999999,0.0,3.0,24.853153153153155,0.0,0.30360605675810215,622.3924163541094,20.408163265306122,0.0,-0.0,0.0,0.9092051659846391,954.6654242838711,0.0,0.0,0.2,20.0,0.6973941302938904,0.0,-0.0,0.0,0.0,140.0
54,0.0,0.0,34.5679012345679,25.4320987654321,0.0,0.0,0.0,0.0,-0.0,0.0,29.745045045045046,3.0000000000000044,0.0,3.0000000000000036,29.745045045045046,0.0,0.302920074677465,620.9861530888032,20.408163265306122,0.0,-0.0,0.0,0.9282527850322582,974.6654242838711,0.0,0.0,0.2,20.0,0.689986722886483,0.0,-0.0,0.0,0.0,140.0
55,0.0,0.0,34.5679012345679,25.4320987654321,0.0,0.0,0.0,0.0,-0.0,0.0,34.18648648648649,2.9999999999999982,0.0,3.0,34.18648648648649,0.0,0.3024846120431034,620.0934546883619,20.408163265306122,0.0,-0.0,0.0,0.9473004040798773,994.6654242838712,0.0,0.0,0.2,20.0,0.6825793154790756,0.0,-0.0,0.0,0.0,140.0
56,0.0,0.0,34.5679012345679,7.105427357601002e-15,25.432098765432094,0.0,0.0,0.0,-0.0,0.0,32.80810810810811,0.0,0.0,0.0,32.80810810810811,0.0,0.2994186952228486,613.8083252068396,20.408163265306122,0.0,-0.0,0.0,0.9663480231274963,1014.6654242838712,162.1296296296296,0.1544091710758377,0.2,20.0,0.6751719080716682,0.0,-0.0,0.0,0.0,140.0
57,0.0,0.0,34.5679012345679,7.105427357601002e-15,25.432098765432094,0.0,0.0,0.0,-0.0,0.0,33.16846846846847,0.0,0.0,0.0,33.16846846846847,0.0,0.29434862283238944,603.4146768063983,20.408163265306122,0.0,-0.0,0.0,0.8309864710992777,872.5357946542416,162.1296296296296,0.1544091710758377,0.2,20.0,0.6623147652145253,0.0,-0.0,0.0,0.0,140.0
58,0.0,0.0,34.5679012345679,6.902155667889446,18.529943097542656,0.0,0.0,0.0,-0.0,0.0,36.7990990990991,0.0,0.0,0.0,36.7990990990991,0.0,0.2870238754254504,588.3989446221733,20.408163265306122,0.0,-0.0,0.0,0.6956249190710591,730.406165024612,118.12838724683444,0.11250322594936613,0.2,20.0,0.6494576223573826,0.0,-0.0,0.0,0.0,140.0
59,0.0,0.0,34.5679012345679,25.4320987654321,0.0,0.0,0.0,0.0,-0.0,0.0,35.71801801801802,0.0,0.0,0.0,35.71801801801802,0.0,0.2791980891259602,572.3560827082184,20.408163265306122,0.0,-0.0,0.0,0.602169312169312,632.2777777777776,0.0,0.0,0.2,20.0,0.6380795128576446,0.0,-0.0,0.0,0.0,140.0
60,4.0000000000000115,0.6000000000000018,34.5679012345679,21.43209876543209,0.0,0.0,0.0,0.0,0.0,1.7763568394002505e-15,36.94864864864865,0.0,0.0,0.0,36.94864864864865,0.0,0.2704954847645057,554.5157437672367,20.408163265306122,0.0,-0.0,0.0,0.6212169312169311,652.2777777777777,0.0,0.0,0.2,20.0,0.6306721054502372,0.0,-0.0,0.0,0.0,140.0
61,4.000000000000041,0.6000000000000061,34.5679012345679,21.43209876543206,0.0,0.0,0.0,0.0,0.0,6.106226635438361e-15,35.59729729729731,0.0,0.0,7.105427357601002e-15,35.59729729729731,0.0,0.2632959970807044,539.756794015444,20.408163265306122,0.0,-0.0,0.0,0.6402645502645502,672.2777777777777,0.0,0.0,0.2,20.0,0.629907555185687,0.0,-0.0,0.0,0.0,140.0
62,0.0,0.0,34.5679012345679,7.105427357601002e-15,25.432098765432094,0.0,0.0,0.0,-0.0,0.0,36.91621621621621,0.0,7.105427357601002e-15,0.0,36.91621621621621,0.0,0.2552196913349387,523.2003672366244,20.408163265306122,0.0,-0.0,0.0,0.6593121693121693,692.2777777777777,162.1296296296296,0.1544091710758377,0.2,20.0,0.6291430049211367,0.0,-0.0,0.0,0.0,140.0
63,4.000000000000017,0.6000000000000025,34.5679012345679,7.993605777301127e-15,21.432098765432077,0.0,0.0,0.0,0.0,2.55351295663786e-15,38.68738738738739,0.0,0.0,0.0,38.68738738738739,0.0,0.24902228143623964,510.49567694429123,20.408163265306122,0.0,-0.0,0.0,0.5239506172839506,550.1481481481482,136.62962962962948,0.1301234567901233,0.2,20.0,0.6162858620639938,0.0,-0.0,0.0,0.0,140.0
64,4.000000000000041,0.6000000000000061,34.5679012345679,21.43209876543206,0.0,0.0,0.0,0.0,0.0,6.106226635438361e-15,37.69639639639641,0.0,0.0,7.105427357601002e-15,37.69639639639641,0.0,0.2443279882151938,500.8723758411473,20.408163265306122,0.0,-0.0,0.0,0.41287477954144636,433.51851851851865,0.0,0.0,0.2,20.0,0.610928719206851,0.0,-0.0,0.0,0.0,140.0
65,0.0,0.0,34.5679012345679,25.4320987654321,0.0,0.0,0.0,0.0,-0.0,0.0,37.36666666666667,0.0,0.0,0.0,37.36666666666667,0.0,0.23800531859335694,487.91090311638175,20.408163265306122,0.0,-0.0,0.0,0.4319223985890654,453.51851851851865,0.0,0.0,0.2,20.0,0.6101641689423007,0.0,-0.0,0.0,0.0,140.0
66,0.0,0.0,34.5679012345679,25.4320987654321,0.0,0.0,0.0,0.0,-0.0,0.0,34.00630630630631,0.0,0.0,0.0,34.00630630630631,0.0,0.23306050592603555,477.7740371483729,20.408163265306122,0.0,-0.0,0.0,0.45097001763668443,473.51851851851865,0.0,0.0,0.2,20.0,0.6027567615348933,0.0,-0.0,0.0,0.0,140.0
67,0.0,0.0,34.5679012345679,25.4320987654321,0.0,0.0,0.0,0.0,-0.0,0.0,34.81711711711712,0.0,0.0,0.0,34.81711711711712,0.0,0.22773991408930086,466.8668238830668,20.408163265306122,0.0,-0.0,0.0,0.47001763668430346,493.51851851851865,0.0,0.0,0.2,20.0,0.5953493541274859,0.0,-0.0,0.0,0.0,140.0
68,0.0,0.0,34.5679012345679,7.105427357601002e-15,25.432098765432094,0.0,0.0,0.0,-0.0,0.0,37.36666666666667,0.0,0.0,0.0,37.36666666666667,0.0,0.22292036114511726,456.9867403474904,20.408163265306122,0.0,-0.0,0.0,0.4890652557319225,513.5185185185186,162.1296296296296,0.1544091710758377,0.2,20.0,0.5879419467200785,0.0,-0.0,0.0,0.0,140.0
69,0.0,0.0,34.5679012345679,25.4320987654321,0.0,0.0,0.0,0.0,-0.0,0.0,37.45675675675676,0.0,0.0,0.0,37.45675675675676,0.0,0.2169734706926937,444.7956149200221,20.408163265306122,0.0,-0.0,0.0,0.35370370370370385,371.388888888889,0.0,0.0,0.2,20.0,0.5750848038629356,0.0,-0.0,0.0,0.0,140.0
70,0.0,0.0,34.5679012345679,25.4320987654321,0.0,0.0,0.0,0.0,-0.0,0.0,35.35765765765766,0.0,0.0,0.0,35.35765765765766,0.0,0.21165287885595901,433.888401654716,20.408163265306122,0.0,-0.0,0.0,0.3727513227513229,391.388888888889,0.0,0.0,0.2,20.0,0.5676773964555282,0.0,-0.0,0.0,0.0,140.0
71,0.0,0.0,34.5679012345679,25.4320987654321,0.0,0.0,0.0,0.0,-0.0,0.0,39.07837837837838,0.0,0.0,0.0,39.07837837837838,0.0,0.20620702729608656,422.7244059569774,20.408163265306122,0.0,-0.0,0.0,0.3917989417989419,411.388888888889,0.0,0.0,0.2,20.0,0.5602699890481208,0.0,-0.0,0.0,0.0,140.0
72,0.0,0.0,34.5679012345679,25.4320987654321,0.0,0.0,0.0,0.0,-0.0,0.0,38.17747747747748,0.0,0.0,0.0,38.17747747747748,0.0,0.1995085785048364,408.9925859349146,20.408163265306122,0.0,-0.0,0.0,0.41084656084656096,431.388888888889,0.0,0.0,0.2,20.0,0.5528625816407133,0.0,-0.0,0.0,0.0,140.0
73,0.0,0.0,34.5679012345679,7.105427357601002e-15,25.432098765432094,0.0,0.0,0.0,-0.0,0.0,36.73603603603604,0.0,0.0,0.0,36.73603603603604,0.0,0.19180805192848402,393.20650645339225,20.408163265306122,0.0,-0.0,0.0,0.42989417989418,451.38888888888897,162.1296296296296,0.1544091710758377,0.2,20.0,0.5454551742333059,0.0,-0.0,0.0,0.0,140.0
74,0.0,0.0,34.5679012345679,25.4320987654321,0.0,0.0,0.0,0.0,-0.0,0.0,37.72702702702703,0.0,0.0,0.0,37.72702702702703,0.0,0.18536012258350937,379.9882512961942,20.408163265306122,0.0,-0.0,0.0,0.29453262786596135,309.2592592592594,0.0,0.0,0.2,20.0,0.532598031376163,0.0,-0.0,0.0,0.0,140.0
75,0.0,0.0,34.5679012345679,25.4320987654321,0.0,0.0,0.0,0.0,-0.0,0.0,36.105405405405406,0.0,0.0,0.0,36.105405405405406,0.0,0.18091634880873908,370.87851505791514,20.408163265306122,0.0,-0.0,0.0,0.3135802469135804,329.2592592592594,0.0,0.0,0.2,20.0,0.5251906239687556,0.0,-0.0,0.0,0.0,140.0
76,0.0,0.0,34.5679012345679,25.4320987654321,0.0,0.0,0.0,0.0,-0.0,0.0,36.1954954954955,0.0,0.0,0.0,36.1954954954955,0.0,0.1750947180794533,358.94417206287926,20.408163265306122,0.0,-0.0,0.0,0.3326278659611994,349.2592592592594,0.0,0.0,0.2,20.0,0.5177832165613482,0.0,-0.0,0.0,0.0,140.0
77,4.000000000000029,0.6000000000000044,34.5679012345679,21.432098765432073,0.0,0.0,0.0,0.0,0.0,4.440892098500626e-15,37.06576576576577,0.0,0.0,0.0,37.06576576576577,0.0,0.1715277623666474,351.6319128516272,20.408163265306122,0.0,-0.0,0.0,0.35167548500881846,369.25925925925935,0.0,0.0,0.2,20.0,0.5103758091539408,0.0,-0.0,0.0,0.0,140.0
78,0.0,0.0,34.5679012345679,25.4320987654321,0.0,0.0,0.0,0.0,-0.0,0.0,34.483783783783785,0.0,0.0,0.0,34.483783783783785,0.0,0.16783554693070374,344.0628712079427,20.408163265306122,0.0,-0.0,0.0,0.3707231040564375,389.25925925925935,0.0,0.0,0.2,20.0,0.5096112588893905,0.0,-0.0,0.0,0.0,140.0
79,0.0,0.0,34.5679012345679,25.4320987654321,0.0,0.0,0.0,0.0,-0.0,0.0,35.65495495495496,0.0,0.0,0.0,35.65495495495496,0.0,0.16376755232534676,335.72348226696084,20.408163265306122,0.0,-0.0,0.0,0.3897707231040565,409.25925925925935,0.0,0.0,0.2,20.0,0.5022038514819831,0.0,-0.0,0.0,0.0,140.0
80,0.0,0.0,34.5679012345679,25.4320987654321,0.0,0.0,0.0,0.6,0.6,0.0,35.65495495495496,2.3999999999999906,0.0,2.3999999999999986,35.65495495495496,0.0,0.16245527162902076,333.0333068394926,20.408163265306122,0.0,-0.0,0.0,0.40881834215167556,429.25925925925935,0.0,0.0,0.2,20.0,0.49479644407457574,0.0,-0.0,0.0,0.0,140.0
81,0.0,0.0,34.5679012345679,25.4320987654321,0.0,0.0,0.0,0.6,0.6,0.0,31.87117117117117,2.3999999999999977,0.0,2.399999999999995,31.87117117117117,0.0,0.15951461453190374,327.00495979040267,20.408163265306122,0.0,-0.0,0.0,0.4278659611992946,449.25925925925935,0.0,0.0,0.2,20.0,0.4873890366671683,0.0,-0.0,0.0,0.0,140.0
82,0.0,0.0,34.5679012345679,25.4320987654321,0.0,0.0,0.0,0.0,-0.0,0.0,26.91621621621622,3.000000000000001,0.0,3.000000000000007,26.91621621621622,0.0,0.15657395743478672,320.97661274131275,20.408163265306122,0.0,-0.0,0.0,0.44691358024691363,469.2592592592593,0.0,0.0,0.2,20.0,0.4799816292597609,0.0,-0.0,0.0,0.0,140.0
83,0.0,0.0,34.5679012345679,7.105427357601002e-15,25.432098765432094,0.0,0.0,0.0,-0.0,0.0,22.92522522522523,3.000000000000001,0.0,3.000000000000007,22.92522522522523,0.0,0.15889420870945611,325.73312785438503,20.408163265306122,0.0,-0.0,0.0,0.46596119929453267,489.2592592592593,162.1296296296296,0.1544091710758377,0.2,20.0,0.4725742218523535,0.0,-0.0,0.0,0.0,140.0
84,0.0,0.0,34.5679012345679,25.4320987654321,0.0,0.0,0.0,0.0,-0.0,0.0,15.907207207207207,0.0,0.0,0.0,15.907207207207207,0.0,0.16810374475670298,344.6126767512411,20.408163265306122,0.0,-0.0,0.0,0.330599647266314,347.12962962962973,0.0,0.0,0.2,20.0,0.45971707899521064,0.0,-0.0,0.0,0.0,140.0
85,4.000000000000005,0.6000000000000008,34.5679012345679,21.432098765432094,0.0,0.0,0.0,0.0,0.0,7.771561172376096e-16,21.822522522522526,0.0,0.0,3.552713678800501e-15,21.822522522522526,0.0,0.17869113775846532,366.3168324048539,20.408163265306122,0.0,-0.0,0.0,0.34964726631393306,367.12962962962973,0.0,0.0,0.2,20.0,0.4523096715878032,0.0,-0.0,0.0,0.0,140.0
86,7.999999999999991,1.1999999999999986,34.5679012345679,17.43209876543211,0.0,0.0,0.0,0.0,1.3322676295501878e-15,0.0,19.06216216216216,0.0,0.0,0.0,19.06216216216216,0.0,0.18652281685119668,382.3717745449532,20.408163265306122,0.0,-0.0,0.0,0.3686948853615521,387.1296296296297,0.0,0.0,0.2,20.0,0.451545121323253,0.0,-0.0,0.0,0.0,140.0
87,12.0,1.7999999999999998,34.5679012345679,13.432098765432102,0.0,0.0,0.0,0.0,-0.0,0.0,14.59009009009009,0.0,0.0,0.0,14.59009009009009,0.0,0.1869641722787995,383.276553171539,20.408163265306122,0.0,-0.0,0.0,0.38774250440917113,407.1296296296297,0.0,0.0,0.2,20.0,0.45742342820155985,0.0,-0.0,0.0,0.0,140.0
88,12.738727255997762,1.9108090883996642,34.5679012345679,12.69337150943434,0.0,0.0,0.0,0.0,1.5543122344752192e-15,0.0,15.061259538850114,0.0,1.7763568394002505e-15,0.0,15.061259538850114,0.0,0.18790656659895338,385.2084615278544,20.408163265306122,0.0,-0.0,0.0,0.40679012345679016,427.1296296296297,0.0,0.0,0.2,20.0,0.4699445922227239,0.0,-0.0,0.0,0.0,140.0
89,8.738727255997764,1.3108090883996646,34.5679012345679,16.693371509434336,0.0,0.0,0.0,0.0,1.3322676295501878e-15,0.0,15.722520800111377,0.0,0.0,0.0,15.722520800111377,0.0,0.19172993455127604,393.0463658301159,20.408163265306122,0.0,-0.0,0.0,0.4258377425044092,447.1296296296297,0.0,0.0,0.2,20.0,0.4836925711511699,0.0,-0.0,0.0,0.0,140.0
90,4.738727255997773,0.710809088399666,34.5679012345679,20.69337150943433,0.0,0.0,0.0,0.0,-0.0,0.0,15.960358637949213,0.0,1.7763568394002505e-15,0.0,15.960358637949213,0.0,0.1950522636110476,399.8571404026476,20.4081632653062,0.0,0.0,7.216449660063518e-16,0.44488536155202824,467.1296296296296,0.0,0.0,0.20000000000000073,20.000000000000075,0.4907976929367588,0.0,-0.0,0.0,0.0,140.0
91,0.7387272559977731,0.11080908839966597,34.5679012345679,24.69337150943433,0.0,0.0,0.0,0.0,-0.0,0.0,16.081079358669932,0.0,3.552713678800501e-15,0.0,16.081079358669932,0.0,0.19662095654689032,403.0729609211252,20.40816326530605,0.0,7.216449660063518e-16,0.0,0.4639329805996473,487.1296296296297,0.0,0.0,0.1999999999999993,19.99999999999993,0.49125995757949054,0.0,-0.0,0.0,0.0,140.0
92,0.0,0.0,34.5679012345679,25.4320987654321,0.0,0.0,0.0,0.0,-0.0,0.0,20.835135135135133,0.0,3.552713678800501e-15,0.0,20.835135135135133,0.0,0.20119588283803963,412.45155981798126,20.408163265306122,0.0,-0.0,0.0,0.4829805996472663,507.1296296296296,0.0,0.0,0.2,20.0,0.4850793650793651,0.0,-0.0,0.0,0.0,140.0
93,0.0,0.0,34.5679012345679,7.105427357601002e-15,25.432098765432094,0.0,0.0,0.0,-0.0,0.0,23.357657657657654,0.0,3.552713678800501e-15,0.0,23.357657657657654,0.0,0.20476873134408674,419.7758992553778,20.408163265306122,0.0,-0.0,0.0,0.5020282186948853,527.1296296296296,162.1296296296296,0.1544091710758377,0.2,20.0,0.4776719576719577,0.0,-0.0,0.0,0.0,140.0
94,0.0,0.0,34.5679012345679,25.4320987654321,0.0,0.0,0.0,0.0,-0.0,0.0,20.627927927927928,0.0,0.0,0.0,20.627927927927928,0.0,0.20157755480069417,413.2339873414231,20.408163265306122,0.0,-0.0,0.0,0.3666666666666667,385.00000000000006,0.0,0.0,0.2,20.0,0.46481481481481485,0.0,-0.0,0.0,0.0,140.0
95,0.0,0.0,34.5679012345679,25.4320987654321,0.0,0.0,0.0,0.0,-0.0,0.0,20.718018018018018,0.0,0.0,0.0,20.718018018018018,0.0,0.194879106009444,399.5021673193602,20.408163265306122,0.0,-0.0,0.0,0.38571428571428573,405.0,0.0,0.0,0.2,20.0,0.45740740740740743,0.0,-0.0,0.0,0.0,140.0
96,,,,,,0.0,0.0,,,,,,,,,,0.1878048780487805,385.0,,,,,0.40476190476190477,425.0,,,,,0.45,,,,,
