family,period,value
agv_charge_count_da,0,0.0
agv_charge_count_da,1,0.0
agv_charge_count_da,2,0.0
agv_charge_count_da,3,0.0
agv_charge_count_da,4,0.0
agv_charge_count_da,5,0.0
agv_charge_count_da,6,0.0
agv_charge_count_da,7,0.0
agv_charge_count_da,8,0.0
agv_charge_count_da,9,4.0
agv_charge_count_da,10,0.0
agv_charge_count_da,11,0.0
agv_charge_count_da,12,0.0
agv_charge_count_da,13,0.0
agv_charge_count_da,14,0.0
agv_charge_count_da,15,2.967426207569636
agv_charge_count_da,16,6.967426207569637
agv_charge_count_da,17,2.9674262075696367
agv_charge_count_da,18,0.0
agv_charge_count_da,19,2.0
agv_charge_count_da,20,0.0
agv_charge_count_da,21,0.0
agv_charge_count_da,22,0.0
agv_charge_count_da,23,0.0
agv_charge_count_da,24,0.0
agv_charge_count_da,25,4.0
agv_charge_count_da,26,1.8623354537332992
agv_charge_count_da,27,0.0
agv_charge_count_da,28,0.0
agv_charge_count_da,29,4.0
agv_charge_count_da,30,8.0
agv_charge_count_da,31,10.756756756756761
agv_charge_count_da,32,14.756756756756761
agv_charge_count_da,33,10.756756756756761
agv_charge_count_da,34,6.756756756756761
agv_charge_count_da,35,5.7557557557557715
agv_charge_count_da,36,9.755755755755771
agv_charge_count_da,37,9.999999999999998
agv_charge_count_da,38,13.999999999999998
agv_charge_count_da,39,10.0
agv_charge_count_da,40,6.0
agv_charge_count_da,41,2.0
agv_charge_count_da,42,0.0
agv_charge_count_da,43,4.0
agv_charge_count_da,44,8.0
agv_charge_count_da,45,4.454454454454459
agv_charge_count_da,46,5.45545545545546
agv_charge_count_da,47,4.0
agv_charge_count_da,48,0.0
agv_charge_count_da,49,0.0
agv_charge_count_da,50,0.0
agv_charge_count_da,51,0.0
agv_charge_count_da,52,0.0
agv_charge_count_da,53,0.0
agv_charge_count_da,54,0.0
agv_charge_count_da,55,0.0
agv_charge_count_da,56,0.0
agv_charge_count_da,57,0.0
agv_charge_count_da,58,0.0
agv_charge_count_da,59,0.0
agv_charge_count_da,60,0.0
agv_charge_count_da,61,0.0
agv_charge_count_da,62,0.0
agv_charge_count_da,63,0.0
agv_charge_count_da,64,0.0
agv_charge_count_da,65,0.0
agv_charge_count_da,66,0.0
agv_charge_count_da,67,0.0
agv_charge_count_da,68,0.0
agv_charge_count_da,69,0.0
agv_charge_count_da,70,0.0
agv_charge_count_da,71,0.0
agv_charge_count_da,72,0.0
agv_charge_count_da,73,0.0
agv_charge_count_da,74,0.0
agv_charge_count_da,75,0.0
agv_charge_count_da,76,0.0
agv_charge_count_da,77,0.0
agv_charge_count_da,78,0.0
agv_charge_count_da,79,0.0
agv_charge_count_da,80,0.0
agv_charge_count_da,81,0.0
agv_charge_count_da,82,0.0
agv_charge_count_da,83,0.0
agv_charge_count_da,84,0.0
agv_charge_count_da,85,0.0
agv_charge_count_da,86,0.0
agv_charge_count_da,87,0.0
agv_charge_count_da,88,0.0
agv_charge_count_da,89,0.0
agv_charge_count_da,90,0.0
agv_charge_count_da,91,0.0
agv_charge_count_da,92,0.0
agv_charge_count_da,93,0.0
agv_charge_count_da,94,0.0
agv_charge_count_da,95,0.0
grid_buy_da_mw,0,22.638138138138135
grid_buy_da_mw,1,13.92942942942943
grid_buy_da_mw,2,6.121621621621621
grid_buy_da_mw,3,2.818318318318319
grid_buy_da_mw,4,14.68018018018018
grid_buy_da_mw,5,12.127627627627625
grid_buy_da_mw,6,8.824324324324323
grid_buy_da_mw,7,2.3708708708708706
grid_buy_da_mw,8,3.121621621621621
grid_buy_da_mw,9,0.0
grid_buy_da_mw,10,0.0
grid_buy_da_mw,11,0.0
grid_buy_da_mw,12,0.0
grid_buy_da_mw,13,1.1756756756756772
grid_buy_da_mw,14,4.328828828828829
grid_buy_da_mw,15,0.0
grid_buy_da_mw,16,0.0
grid_buy_da_mw,17,0.0
grid_buy_da_mw,18,0.0
grid_buy_da_mw,19,0.0
grid_buy_da_mw,20,0.0
grid_buy_da_mw,21,0.0
grid_buy_da_mw,22,0.0
grid_buy_da_mw,23,0.0
grid_buy_da_mw,24,1.5840840840840844
grid_buy_da_mw,25,0.0
grid_buy_da_mw,26,0.0
grid_buy_da_mw,27,0.0
grid_buy_da_mw,28,0.18768768768768673
grid_buy_da_mw,29,0.0
grid_buy_da_mw,30,0.0
grid_buy_da_mw,31,0.0
grid_buy_da_mw,32,0.0
grid_buy_da_mw,33,0.0
grid_buy_da_mw,34,0.0
grid_buy_da_mw,35,0.0
grid_buy_da_mw,36,0.0
grid_buy_da_mw,37,0.0
grid_buy_da_mw,38,0.0
grid_buy_da_mw,39,0.0
grid_buy_da_mw,40,0.0
grid_buy_da_mw,41,0.0
grid_buy_da_mw,42,0.8333333333333321
grid_buy_da_mw,43,0.0
grid_buy_da_mw,44,0.0
grid_buy_da_mw,45,0.0
grid_buy_da_mw,46,0.0
grid_buy_da_mw,47,0.0
grid_buy_da_mw,48,10.037537537537537
grid_buy_da_mw,49,8.385885885885884
grid_buy_da_mw,50,12.28978978978979
grid_buy_da_mw,51,15.74024024024024
grid_buy_da_mw,52,17.388888888888886
grid_buy_da_mw,53,17.08858858858859
grid_buy_da_mw,54,23.24174174174174
grid_buy_da_mw,55,28.644144144144143
grid_buy_da_mw,56,31.346846846846844
grid_buy_da_mw,57,31.94744744744745
grid_buy_da_mw,58,35.9984984984985
grid_buy_da_mw,59,34.1966966966967
grid_buy_da_mw,60,35.247747747747745
grid_buy_da_mw,61,32.9954954954955
grid_buy_da_mw,62,34.19369369369369
grid_buy_da_mw,63,36.145645645645644
grid_buy_da_mw,64,34.493993993993996
grid_buy_da_mw,65,34.94444444444444
grid_buy_da_mw,66,31.343843843843842
grid_buy_da_mw,67,32.6951951951952
grid_buy_da_mw,68,34.94444444444444
grid_buy_da_mw,69,35.0945945945946
grid_buy_da_mw,70,33.5960960960961
grid_buy_da_mw,71,37.7972972972973
grid_buy_da_mw,72,36.2957957957958
grid_buy_da_mw,73,33.893393393393396
grid_buy_da_mw,74,35.54504504504504
grid_buy_da_mw,75,32.84234234234234
grid_buy_da_mw,76,32.992492492492495
grid_buy_da_mw,77,33.44294294294294
grid_buy_da_mw,78,30.13963963963964
grid_buy_da_mw,79,32.091591591591595
grid_buy_da_mw,80,29.09159159159159
grid_buy_da_mw,81,22.785285285285283
grid_buy_da_mw,82,14.527027027027025
grid_buy_da_mw,83,9.875375375375373
grid_buy_da_mw,84,7.178678678678679
grid_buy_da_mw,85,16.03753753753754
grid_buy_da_mw,86,12.436936936936936
grid_buy_da_mw,87,5.983483483483482
grid_buy_da_mw,88,6.584084084084084
grid_buy_da_mw,89,8.686186186186186
grid_buy_da_mw,90,8.082582582582582
grid_buy_da_mw,91,9.283783783783782
grid_buy_da_mw,92,17.39189189189189
grid_buy_da_mw,93,21.596096096096097
grid_buy_da_mw,94,19.046546546546548
grid_buy_da_mw,95,19.196696696696698
grid_sell_da_mw,0,0.0
grid_sell_da_mw,1,0.0
grid_sell_da_mw,2,0.0
grid_sell_da_mw,3,0.0
grid_sell_da_mw,4,0.0
grid_sell_da_mw,5,0.0
grid_sell_da_mw,6,0.0
grid_sell_da_mw,7,0.0
grid_sell_da_mw,8,0.0
grid_sell_da_mw,9,9.341441441441448
grid_sell_da_mw,10,21.500000000000007
grid_sell_da_mw,11,19.3978978978979
grid_sell_da_mw,12,7.082582582582582
grid_sell_da_mw,13,0.0
grid_sell_da_mw,14,0.0
grid_sell_da_mw,15,2.8807118946903785
grid_sell_da_mw,16,8.88731850129699
grid_sell_da_mw,17,5.733564747543234
grid_sell_da_mw,18,17.53003003003003
grid_sell_da_mw,19,11.524324324324322
grid_sell_da_mw,20,7.1246246246246265
grid_sell_da_mw,21,4.271771771771771
grid_sell_da_mw,22,5.022522522522522
grid_sell_da_mw,23,0.9684684684684726
grid_sell_da_mw,24,0.0
grid_sell_da_mw,25,2.365465465465467
grid_sell_da_mw,26,0.43386289515321896
grid_sell_da_mw,27,0.8633633633633657
grid_sell_da_mw,28,0.0
grid_sell_da_mw,29,3.2663663663663676
grid_sell_da_mw,30,5.7144144144144144
grid_sell_da_mw,31,7.553153153153154
grid_sell_da_mw,32,6.953153153153154
grid_sell_da_mw,33,5.901501501501501
grid_sell_da_mw,34,0.0
grid_sell_da_mw,35,0.0
grid_sell_da_mw,36,1.6522522522522516
grid_sell_da_mw,37,5.66966966966967
grid_sell_da_mw,38,10.73033033033033
grid_sell_da_mw,39,8.927927927927929
grid_sell_da_mw,40,2.1705705705705705
grid_sell_da_mw,41,1.419219219219223
grid_sell_da_mw,42,0.0
grid_sell_da_mw,43,0.9690690690690694
grid_sell_da_mw,44,0.6693693693693696
grid_sell_da_mw,45,0.0
grid_sell_da_mw,46,0.0
grid_sell_da_mw,47,1.4195195195195196
grid_sell_da_mw,48,0.0
grid_sell_da_mw,49,0.0
grid_sell_da_mw,50,0.0
grid_sell_da_mw,51,0.0
grid_sell_da_mw,52,0.0
grid_sell_da_mw,53,0.0
grid_sell_da_mw,54,0.0
grid_sell_da_mw,55,0.0
grid_sell_da_mw,56,0.0
grid_sell_da_mw,57,0.0
grid_sell_da_mw,58,0.0
grid_sell_da_mw,59,0.0
grid_sell_da_mw,60,0.0
grid_sell_da_mw,61,0.0
grid_sell_da_mw,62,0.0
grid_sell_da_mw,63,0.0
grid_sell_da_mw,64,0.0
grid_sell_da_mw,65,0.0
grid_sell_da_mw,66,0.0
grid_sell_da_mw,67,0.0
grid_sell_da_mw,68,0.0
grid_sell_da_mw,69,0.0
grid_sell_da_mw,70,0.0
grid_sell_da_mw,71,0.0
grid_sell_da_mw,72,0.0
grid_sell_da_mw,73,0.0
grid_sell_da_mw,74,0.0
grid_sell_da_mw,75,0.0
grid_sell_da_mw,76,0.0
grid_sell_da_mw,77,0.0
grid_sell_da_mw,78,0.0
grid_sell_da_mw,79,0.0
grid_sell_da_mw,80,0.0
grid_sell_da_mw,81,0.0
grid_sell_da_mw,82,0.0
grid_sell_da_mw,83,0.0
grid_sell_da_mw,84,0.0
grid_sell_da_mw,85,0.0
grid_sell_da_mw,86,0.0
grid_sell_da_mw,87,0.0
grid_sell_da_mw,88,0.0
grid_sell_da_mw,89,0.0
grid_sell_da_mw,90,0.0
grid_sell_da_mw,91,0.0
grid_sell_da_mw,92,0.0
grid_sell_da_mw,93,0.0
grid_sell_da_mw,94,0.0
grid_sell_da_mw,95,0.0
spill_da_mw,0,0.0
spill_da_mw,1,0.0
spill_da_mw,2,0.0
spill_da_mw,3,0.0
spill_da_mw,4,0.0
spill_da_mw,5,0.0
spill_da_mw,6,0.0
spill_da_mw,7,0.0
spill_da_mw,8,0.0
spill_da_mw,9,0.0
spill_da_mw,10,0.0
spill_da_mw,11,0.0
spill_da_mw,12,0.0
spill_da_mw,13,0.0
spill_da_mw,14,0.0
spill_da_mw,15,0.0
spill_da_mw,16,0.0
spill_da_mw,17,0.0
spill_da_mw,18,0.0
spill_da_mw,19,0.0
spill_da_mw,20,0.0
spill_da_mw,21,0.0
spill_da_mw,22,0.0
spill_da_mw,23,0.0
spill_da_mw,24,0.0
spill_da_mw,25,0.0
spill_da_mw,26,0.0
spill_da_mw,27,0.0
spill_da_mw,28,0.0
spill_da_mw,29,0.0
spill_da_mw,30,0.0
spill_da_mw,31,0.0
spill_da_mw,32,0.0
spill_da_mw,33,0.0
spill_da_mw,34,0.0
spill_da_mw,35,0.0
spill_da_mw,36,0.0
spill_da_mw,37,0.0
spill_da_mw,38,0.0
spill_da_mw,39,0.0
spill_da_mw,40,0.0
spill_da_mw,41,0.0
spill_da_mw,42,0.0
spill_da_mw,43,0.0
spill_da_mw,44,0.0
spill_da_mw,45,0.0
spill_da_mw,46,0.0
spill_da_mw,47,0.0
spill_da_mw,48,0.0
spill_da_mw,49,0.0
spill_da_mw,50,0.0
spill_da_mw,51,0.0
spill_da_mw,52,0.0
spill_da_mw,53,0.0
spill_da_mw,54,0.0
spill_da_mw,55,0.0
spill_da_mw,56,0.0
spill_da_mw,57,0.0
spill_da_mw,58,0.0
spill_da_mw,59,0.0
spill_da_mw,60,0.0
spill_da_mw,61,0.0
spill_da_mw,62,0.0
spill_da_mw,63,0.0
spill_da_mw,64,0.0
spill_da_mw,65,0.0
spill_da_mw,66,0.0
spill_da_mw,67,0.0
spill_da_mw,68,0.0
spill_da_mw,69,0.0
spill_da_mw,70,0.0
spill_da_mw,71,0.0
spill_da_mw,72,0.0
spill_da_mw,73,0.0
spill_da_mw,74,0.0
spill_da_mw,75,0.0
spill_da_mw,76,0.0
spill_da_mw,77,0.0
spill_da_mw,78,0.0
spill_da_mw,79,0.0
spill_da_mw,80,0.0
spill_da_mw,81,0.0
spill_da_mw,82,0.0
spill_da_mw,83,0.0
spill_da_mw,84,0.0
spill_da_mw,85,0.0
spill_da_mw,86,0.0
spill_da_mw,87,0.0
spill_da_mw,88,0.0
spill_da_mw,89,0.0
spill_da_mw,90,0.0
spill_da_mw,91,0.0
spill_da_mw,92,0.0
spill_da_mw,93,0.0
spill_da_mw,94,0.0
spill_da_mw,95,0.0
