period,agv_charge_count_da,grid_buy_da_mw,grid_sell_da_mw,lohc_power_da_mw,lohc_ramp_abs_da_mw,spill_da_mw
0,0.0,27.70955994613491,0.0,0.3266770632520295,,0.0
1,0.0,22.484334720909686,0.0,0.3266770632520295,0.0,0.0
2,0.0,17.799650036225003,0.0,0.3266770632520295,0.0,0.0
3,0.0,15.81766805424302,0.0,0.3266770632520295,0.0,0.0
4,0.0,22.93478517136014,0.0,0.3266770632520295,0.0,0.0
5,0.0,21.403253639828606,0.0,0.3266770632520295,0.0,0.0
6,0.0,19.421271657846624,0.0,0.3266770632520295,0.0,0.0
7,0.0,14.349199585774551,0.0,0.3266770632520295,0.0,0.0
8,4.0,15.399650036225001,0.0,0.3266770632520295,0.0,0.0
9,3.8221529116531614,7.535135135135134,0.0,0.3266770632520295,0.0,0.0
10,7.822152911653161,0.0,0.0,0.3266770632520295,0.0,0.0
11,3.8221529116531614,0.6612612612612645,0.0,0.3266770632520295,0.0,0.0
12,0.0,6.27712751370248,0.0,0.3266770632520295,0.0,0.0
13,0.0,11.232082468657437,0.0,0.3266770632520295,0.0,0.0
14,1.999999999999976,13.423974360549323,0.0,0.3266770632520295,0.0,0.0
15,5.999999999999976,8.231181567756533,0.0,0.3266770632520295,0.0,0.0
16,9.999999999999975,4.867217603792566,0.0,0.3266770632520295,0.0,0.0
17,14.0,7.719469856044821,0.0,0.3266770632520295,0.0,0.0
18,18.0,0.0,0.318018018018019,2.5,2.1733229367479705,0.0
19,14.0,0.20540540540540714,0.0,0.2,2.3,0.0
20,10.0,4.425225225225225,0.0,0.2,0.0,0.0
21,6.0,5.536936936936939,0.0,0.2,0.0,0.0
22,4.0,4.786486486486486,0.0,0.2,0.0,0.0
23,0.0,6.618918918918916,0.0,0.2,0.0,0.0
24,2.0,8.45045045045045,0.0,0.2,0.0,0.0
25,0.0,3.4207207207207206,0.0,0.2,0.0,0.0
26,0.0,4.772072072072072,0.0,0.2,0.0,0.0
27,4.0,5.281981981981981,0.0,0.2,0.0,0.0
28,3.333333333333332,5.812612612612613,0.0,0.2,0.0,0.0
29,7.333333333333332,3.98018018018018,0.0,0.2,0.0,0.0
30,11.333333333333332,0.7513513513513506,0.0,0.2,0.0,0.0
31,15.333333333333332,0.0,0.0,0.2,0.0,0.0
32,15.333333333333332,0.0,0.0,0.2,0.0,0.0
33,11.333333333333332,0.39099099099099033,0.0,0.2,0.0,0.0
34,7.333333333333332,5.691891891891893,0.0,0.2,0.0,0.0
35,3.3333333333333335,5.1819819819819815,0.0,0.2,0.0,0.0
36,0.0,3.330630630630629,0.0,0.2,0.0,0.0
37,0.0,0.8981981981981988,0.0,0.2,0.0,0.0
38,3.3213213213213018,0.0,0.0,0.2,0.0,0.0
39,0.0,0.943243243243242,0.0,0.2,0.0,0.0
40,0.0,5.357657657657659,0.0,0.2,0.0,0.0
41,0.0,6.168468468468466,0.0,0.2,0.0,0.0
42,4.0000000000000036,8.3,0.0,0.2,0.0,0.0
43,0.0,6.258558558558559,0.0,0.2,0.0,0.0
44,4.0,6.678378378378377,0.0,0.2,0.0,0.0
45,0.0,6.799099099099098,0.0,0.2,0.0,0.0
46,0.0,6.7090090090090095,0.0,0.2,0.0,0.0
47,2.0,6.288288288288287,0.0,0.2,0.0,0.0
48,0.0,15.222522522522521,0.0,0.2,0.0,0.0
49,0.0,14.23153153153153,0.0,0.2,0.0,0.0
50,0.0,16.573873873873875,0.0,0.2,0.0,0.0
51,0.0,19.844144144144142,0.0,0.2,0.0,0.0
52,2.0,22.333333333333332,0.0,0.2,0.0,0.0
53,0.0,21.853153153153155,0.0,0.2,0.0,0.0
54,0.0,26.745045045045043,0.0,0.2,0.0,0.0
55,0.0,31.186486486486487,0.0,0.2,0.0,0.0
56,4.0,33.40810810810811,0.0,0.2,0.0,0.0
57,0.0,33.16846846846847,0.0,0.2,0.0,0.0
58,0.0,36.7990990990991,0.0,0.2,0.0,0.0
59,0.0,35.71801801801802,0.0,0.2,0.0,0.0
60,0.0,36.34864864864865,0.0,0.2,0.0,0.0
61,0.0,34.9972972972973,0.0,0.2,0.0,0.0
62,0.0,36.91621621621622,0.0,0.2,0.0,0.0
63,0.0,38.08738738738739,0.0,0.2,0.0,0.0
64,0.0,37.0963963963964,0.0,0.2,0.0,0.0
65,4.00000000000001,37.96666666666667,0.0,0.2,0.0,0.0
66,0.0,34.00630630630631,0.0,0.2,0.0,0.0
67,0.48258723984149177,34.88950520309334,0.0,0.2,0.0,0.0
68,0.0,37.36666666666667,0.0,0.2,0.0,0.0
69,0.0,37.45675675675676,0.0,0.2,0.0,0.0
70,0.0,35.35765765765766,0.0,0.2,0.0,0.0
71,0.0,39.07837837837838,0.0,0.20000000000000284,0.0,0.0
72,0.0,38.17747747747748,0.0,0.2,0.0,0.0
73,0.0,36.73603603603604,0.0,0.2,0.0,0.0
74,0.0,37.72702702702703,0.0,0.2,0.0,0.0
75,4.0,36.70540540540541,0.0,0.2,0.0,0.0
76,8.0,37.3954954954955,0.0,0.2,0.0,0.0
77,4.0,37.06576576576577,0.0,0.2,0.0,0.0
78,0.0,34.483783783783785,0.0,0.2,0.0,0.0
79,0.0,35.65495495495496,0.0,0.2,0.0,0.0
80,0.0,32.65495495495496,0.0,0.2,0.0,0.0
81,0.0,28.871171171171174,0.0,0.2,0.0,0.0
82,0.0,23.916216216216213,0.0,0.2,0.0,0.0
83,0.0,19.925225225225223,0.0,0.2,0.0,0.0
84,0.0,15.907207207207207,0.0,0.2,0.0,0.0
85,0.0,21.22252252252252,0.0,0.2,0.0,0.0
86,0.0,17.86216216216216,0.0,0.2,0.0,0.0
87,4.0,13.390090090090089,0.0,0.2,0.0,0.0
88,0.0,13.150450450450451,0.0,0.20000000000000107,0.0,0.0
89,0.0,14.411711711711712,0.0,0.2,0.0,0.0
90,4.0,15.849549549549549,0.0,0.2,0.0,0.0
91,4.0,16.57027027027027,0.0,0.2,0.0,0.0
92,0.0,20.835135135135136,0.0,0.2,0.0,0.0
93,0.0,23.357657657657658,0.0,0.2,0.0,0.0
94,4.00000000000001,21.22792792792793,0.0,0.2,0.0,0.0
95,0.0,20.718018018018018,0.0,0.2,0.0,0.0
